"year","deaths_avoided_males","deaths_avoided_females","deaths_avoided_both","cohort","age","policy_year"
2027,0,3.65895136370091,1.82947568185045,"All",18.99,2027
2028,-2214.59681076994,-2336.08279840474,-2275.33980458734,"All",18.99,2027
2029,-3900.5402922491,-3595.65003829956,-3748.09516527433,"All",18.99,2027
2030,-3696.0590904089,-2046.36794152623,-2871.21351596757,"All",18.99,2027
2031,-2753.82382796134,399.07044528384,-1177.37669133875,"All",18.99,2027
2032,-2868.96587009783,2933.55719333136,32.2956616167648,"All",18.99,2027
2033,-2672.69085625303,5663.28118085774,1495.29516230235,"All",18.99,2027
2034,-1948.07919407787,8661.30145852355,3356.61113222284,"All",18.99,2027
2035,-1859.70895854605,11387.1747646452,4763.73290304956,"All",18.99,2027
2036,-1879.19421161665,14025.5810495563,6073.19341896981,"All",18.99,2027
2037,-1983.73278996116,16939.2876479017,7477.77742897026,"All",18.99,2027
2038,-2505.75520052901,19665.1345501583,8579.68967481464,"All",18.99,2027
2039,-2721.06392450142,21847.1552347088,9563.04565510369,"All",18.99,2027
2040,-2819.33154493303,23478.2812351265,10329.4748450968,"All",18.99,2027
2041,-2709.25350042759,24661.6247311311,10976.1856153518,"All",18.99,2027
2042,-2184.2582732006,26198.3603643841,12007.0510455918,"All",18.99,2027
2043,-1135.96348931186,28006.0868156168,13435.0616631525,"All",18.99,2027
2044,121.85328389518,30451.4593964467,15286.6563401709,"All",18.99,2027
2045,1181.96111510263,32256.9059900272,16719.4335525649,"All",18.99,2027
2046,3286.13143941294,33979.4477462142,18632.7895928136,"All",18.99,2027
2047,5492.13565301115,34985.3212424883,20238.7284477497,"All",18.99,2027
2048,6875.98267778207,36257.1644648379,21566.57357131,"All",18.99,2027
2049,8466.75745022774,37617.7285320226,23042.2429911252,"All",18.99,2027
2050,9528.19566091662,39064.4535036716,24296.3245822941,"All",18.99,2027
2051,11011.4388402769,39693.443006194,25352.4409232354,"All",18.99,2027
2052,12604.3516636883,39422.8430594658,26013.597361577,"All",18.99,2027
2053,14819.1708768388,39423.4725420293,27121.3217094341,"All",18.99,2027
2054,17456.8926672556,39691.6447715969,28574.2687194262,"All",18.99,2027
2055,19261.8684765985,39876.4504754809,29569.1594760397,"All",18.99,2027
2056,20747.4901806288,39153.0653083827,29950.2777445058,"All",18.99,2027
2057,22655.883266127,38162.9842843409,30409.4337752339,"All",18.99,2027
2058,25000.7425622616,37980.9055933447,31490.8240778032,"All",18.99,2027
2059,26910.0221660461,37715.6608108941,32312.8414884701,"All",18.99,2027
2060,29460.6202640526,37443.570100921,33452.0951824868,"All",18.99,2027
2061,32427.1355320769,37988.8623806278,35207.9989563524,"All",18.99,2027
2062,35087.9239164693,37630.4803816441,36359.2021490567,"All",18.99,2027
2063,38379.6372773312,37271.7387808564,37825.6880290938,"All",18.99,2027
2064,41032.6274091124,37447.6273797036,39240.127394408,"All",18.99,2027
2065,43027.6369729834,37353.4169186933,40190.5269458384,"All",18.99,2027
2066,44488.7932012687,36630.9955325269,40559.8943668978,"All",18.99,2027
2067,46385.7895081814,36895.0670167361,41640.4282624588,"All",18.99,2027
2068,48609.3213478983,37336.7563650063,42973.0388564523,"All",18.99,2027
2069,50397.7336953972,37598.7419468281,43998.2378211126,"All",18.99,2027
2070,51660.6457061949,37590.4251761972,44625.5354411961,"All",18.99,2027
2071,53022.1147785131,37674.6831703838,45348.3989744484,"All",18.99,2027
2072,54170.1079086149,38031.849696246,46100.9788024304,"All",18.99,2027
2073,54907.0974315235,38028.5324526001,46467.8149420618,"All",18.99,2027
2074,55855.316541373,38021.0176100391,46938.1670757061,"All",18.99,2027
2075,57027.7064614065,38475.5286867842,47751.6175740954,"All",18.99,2027
2076,58512.3174932154,38925.0306836106,48718.674088413,"All",18.99,2027
2077,60218.3539240945,38564.3655898641,49391.3597569793,"All",18.99,2027
2078,61281.1030041277,38472.1557534519,49876.6293787898,"All",18.99,2027
2079,62455.6982953437,38288.9349877695,50372.3166415566,"All",18.99,2027
2080,62670.2009041356,37918.3936327305,50294.297268433,"All",18.99,2027
2081,62790.9882633816,37460.8153334553,50125.9017984185,"All",18.99,2027
2082,63328.3803754817,36915.6091858568,50121.9947806692,"All",18.99,2027
2083,64076.6993151391,36635.0797726116,50355.8895438754,"All",18.99,2027
2084,65457.2716936585,35811.6498491219,50634.4607713902,"All",18.99,2027
2085,67481.6769659566,35263.0955628771,51372.3862644169,"All",18.99,2027
2086,68977.4061117088,34444.4524287018,51710.9292702053,"All",18.99,2027
2087,69737.4925241768,34436.211266024,52086.8518951004,"All",18.99,2027
2088,70920.1539690369,34337.6286645383,52628.8913167876,"All",18.99,2027
2089,73154.5718222102,34426.928615273,53790.7502187416,"All",18.99,2027
2090,74971.3870672463,34876.4137224886,54923.9003948674,"All",18.99,2027
2091,76683.6956440657,35501.585109503,56092.6403767844,"All",18.99,2027
2092,78924.2595843342,35859.9739982267,57392.1167912805,"All",18.99,2027
2093,80736.8455479732,36124.5168944323,58430.6812212027,"All",18.99,2027
2094,82341.8466379135,36659.5811687266,59500.71390332,"All",18.99,2027
2095,84260.0992841129,37465.6145867486,60862.8569354308,"All",18.99,2027
2096,85860.1094802455,38094.0370427994,61977.0732615225,"All",18.99,2027
2097,87242.9884140911,38633.64468642,62938.3165502555,"All",18.99,2027
2098,89053.4527533432,39355.8870824869,64204.669917915,"All",18.99,2027
2099,91062.7829506537,39445.8423592309,65254.3126549423,"All",18.99,2027
2100,92219.5457699089,39811.1565030902,66015.3511364996,"All",18.99,2027
