"year","deaths_avoided_males","deaths_avoided_females","deaths_avoided_both","cohort","policy_year"
2040,0,2.30166486576491,2.30166486576491,"All",2040
2041,0,4.67172283286345,4.67172283286345,"All",2040
2042,-518.021323349923,-866.035038869741,-1384.05636221966,"All",2040
2043,-1078.61134992033,-917.572960312347,-1996.18431023268,"All",2040
2044,-1257.50324992907,117.983828773489,-1139.51942115558,"All",2040
2045,-1370.88862637951,1269.15327945157,-101.735346927948,"All",2040
2046,-1946.29333552692,2483.62241850616,537.329082979239,"All",2040
2047,-2170.62725270921,3666.53199479153,1495.90474208232,"All",2040
2048,-2546.47979453453,4677.30892805566,2130.82913352113,"All",2040
2049,-2753.54665772713,5749.68007170118,2996.13341397405,"All",2040
2050,-2806.15618131746,6398.55772021896,3592.4015389015,"All",2040
2051,-2561.32823783642,6647.03996583715,4085.71172800072,"All",2040
2052,-2467.07947608613,6483.94922106148,4016.86974497535,"All",2040
2053,-2284.32950624096,6366.58035352093,4082.25084727997,"All",2040
2054,-2055.74892107851,6446.18858918268,4390.43966810417,"All",2040
2055,-1829.47838161001,6409.51550032245,4580.03711871244,"All",2040
2056,-1570.47316580446,6301.53925653931,4731.06609073485,"All",2040
2057,-986.517819760949,6093.99669639987,5107.47887663892,"All",2040
2058,-581.158773036848,6302.32908288226,5721.17030984542,"All",2040
2059,-346.760783258069,6307.37667066045,5960.61588740238,"All",2040
2060,69.5220278213965,6277.68805565516,6347.21008347656,"All",2040
2061,583.071181494044,6592.39242725493,7175.46360874898,"All",2040
2062,1043.69705614581,6898.0900838821,7941.78714002791,"All",2040
2063,1668.15728453238,7076.01751897298,8744.17480350536,"All",2040
2064,2172.57730539859,7389.57523371908,9562.15253911767,"All",2040
2065,2498.0435813978,7695.10885813402,10193.1524395318,"All",2040
2066,2654.95522401051,7694.60699989344,10349.562223904,"All",2040
2067,2747.93205206929,7823.07904226298,10571.0110943323,"All",2040
2068,2960.04456240172,7998.21862919268,10958.2631915944,"All",2040
2069,3108.93521712086,8044.52319818281,11153.4584153037,"All",2040
2070,3225.63311951951,8283.2872491983,11508.9203687178,"All",2040
2071,3585.17854872276,8468.17210578918,12053.3506545119,"All",2040
2072,3984.84643733688,8669.86181124696,12654.7082485838,"All",2040
2073,4324.35709789081,8865.65359763219,13190.010695523,"All",2040
2074,4679.00940291653,9100.68941759435,13779.6988205109,"All",2040
2075,5094.81153977173,9411.80528212676,14506.6168218985,"All",2040
2076,5594.96286104457,9732.77691010747,15327.739771152,"All",2040
2077,6080.2719339222,9967.40880085435,16047.6807347765,"All",2040
2078,6505.16516722483,10158.392264738,16663.5574319628,"All",2040
2079,6809.69362697529,10325.0045573981,17134.6981843734,"All",2040
2080,7086.28867287503,10379.1964164787,17465.4850893538,"All",2040
2081,7458.03139904386,10500.80141321,17958.8328122539,"All",2040
2082,7777.79867925565,10552.0258648578,18329.8245441135,"All",2040
2083,8147.24045837496,10584.2200374638,18731.4604958388,"All",2040
2084,8523.50772805675,10598.7624571056,19122.2701851623,"All",2040
2085,9016.51963988726,10689.0470356054,19705.5666754927,"All",2040
2086,9440.6296393763,10717.212516309,20157.8421556853,"All",2040
2087,9783.95689280843,10701.1064141971,20485.0633070056,"All",2040
2088,10084.2175658926,10727.8622536471,20812.0798195397,"All",2040
2089,10408.4221982354,10768.7229343873,21177.1451326227,"All",2040
2090,10691.7425631528,10887.47463928,21579.2172024328,"All",2040
2091,10966.0565038159,11014.7332093461,21980.789713162,"All",2040
2092,11246.0411083143,11126.2333052999,22372.2744136142,"All",2040
2093,11505.5731635037,11209.8305014565,22715.4036649602,"All",2040
2094,11771.9906047237,11326.567858694,23098.5584634177,"All",2040
2095,12029.3505410691,11451.5601036148,23480.9106446839,"All",2040
2096,12253.1151226928,11528.5169297667,23781.6320524595,"All",2040
2097,12419.6115811794,11592.6548301686,24012.266411348,"All",2040
2098,12581.247026077,11686.2742689139,24267.5212949909,"All",2040
2099,12749.7722043991,11736.829007412,24486.6012118111,"All",2040
2100,12902.0161514512,11776.1566620659,24678.172813517,"All",2040
