"year","cLYG_males","cLYG_females","cLYG_both","cohort","policy_year"
2031,30217.9280650662,71222.0363550093,101439.964420076,"All",2030
2032,53130.9191365708,121177.599890105,174308.519026676,"All",2030
2033,55554.7158614099,137249.907342464,192804.623203874,"All",2030
2034,50550.0999284945,142018.166220084,192568.266148578,"All",2030
2035,42622.0511426628,140926.636889175,183548.688031837,"All",2030
2036,30215.6829202846,138473.178840265,168688.861760549,"All",2030
2037,14621.3258272335,138003.636442557,152624.96226979,"All",2030
2038,-508.016691572964,136778.930940866,136270.914249294,"All",2030
2039,-15925.9988705739,132472.098657474,116546.0997869,"All",2030
2040,-30500.9910159856,129169.923836887,98668.9328209013,"All",2030
2041,-46774.5109527111,129490.347564101,82715.8366113901,"All",2030
2042,-65306.2901088446,131730.069670498,66423.7795616537,"All",2030
2043,-85104.2454109192,134729.553944722,49625.3085338026,"All",2030
2044,-105473.519662857,142508.497743577,37034.9780807197,"All",2030
2045,-125941.840863675,154901.414613456,28959.5737497807,"All",2030
2046,-144389.050051793,165942.077443987,21553.0273921937,"All",2030
2047,-161450.856261119,176337.221739739,14886.3654786199,"All",2030
2048,-177882.242587179,186548.229317635,8665.98673045635,"All",2030
2049,-194367.042271212,196258.807219535,1891.76494832337,"All",2030
2050,-210584.362689868,206752.964363456,-3831.39832641184,"All",2030
2051,-224623.901601464,215841.17930162,-8782.72229984403,"All",2030
2052,-238367.492681056,225434.029285997,-12933.4633950591,"All",2030
2053,-251403.181581348,237748.708917856,-13654.472663492,"All",2030
2054,-263721.926977038,250815.995049447,-12905.9319275916,"All",2030
2055,-275314.141042262,262763.198037565,-12550.9430046976,"All",2030
2056,-287089.108364642,274264.232887506,-12824.8754771352,"All",2030
2057,-299336.396505862,284143.00894177,-15193.3875640929,"All",2030
2058,-310700.699882835,294155.810527503,-16544.8893553317,"All",2030
2059,-321874.402044117,304027.176105917,-17847.225938201,"All",2030
2060,-333575.506642789,313076.812762409,-20498.6938803792,"All",2030
2061,-345435.029707611,321731.261569887,-23703.7681377232,"All",2030
2062,-356265.290387571,329881.928320736,-26383.3620668352,"All",2030
2063,-366168.481605381,336655.97377485,-29512.5078305304,"All",2030
2064,-375207.227367193,341343.923505664,-33863.3038615286,"All",2030
2065,-383320.190123022,345680.342018843,-37639.8481041789,"All",2030
2066,-391406.990368068,349560.561867833,-41846.4285002351,"All",2030
2067,-399228.675664008,353514.057320833,-45714.6183431745,"All",2030
2068,-407042.335441172,356934.432463646,-50107.9029775262,"All",2030
2069,-415431.046564311,360064.420845985,-55366.6257183254,"All",2030
2070,-423960.80987817,363015.680869937,-60945.1290082335,"All",2030
2071,-432732.452728093,366592.490376472,-66139.9623516202,"All",2030
2072,-441630.466209531,369832.257009327,-71798.2092002034,"All",2030
2073,-450084.789708346,372331.287702739,-77753.5020056069,"All",2030
2074,-458327.871210724,373883.385334432,-84444.485876292,"All",2030
2075,-466473.623058796,374634.534715831,-91839.0883429646,"All",2030
2076,-474138.302256584,374693.18834275,-99445.1139138341,"All",2030
2077,-481899.16852203,374702.949247658,-107196.219274372,"All",2030
2078,-489320.678909242,375023.444687784,-114297.234221458,"All",2030
2079,-496763.917213261,375656.179830551,-121107.73738271,"All",2030
2080,-504397.838374168,375985.478057563,-128412.360316604,"All",2030
2081,-512087.197012424,376143.489510536,-135943.707501888,"All",2030
2082,-518981.358621508,376370.679950535,-142610.678670973,"All",2030
2083,-525338.166713208,376776.423382282,-148561.743330926,"All",2030
2084,-530620.259357125,377568.365588009,-153051.893769115,"All",2030
2085,-535449.282265633,378278.825375438,-157170.456890196,"All",2030
2086,-539938.054851264,378852.815289199,-161085.239562064,"All",2030
2087,-543960.350791305,379516.869767725,-164443.48102358,"All",2030
2088,-547537.257179976,380412.201406956,-167125.05577302,"All",2030
2089,-550638.921375692,381374.26395756,-169264.657418132,"All",2030
2090,-553428.450030327,382269.780475497,-171158.66955483,"All",2030
2091,-556298.390441239,382876.842147887,-173421.548293352,"All",2030
2092,-558833.873054624,383319.729810894,-175514.14324373,"All",2030
2093,-561373.988015413,383627.743974924,-177746.244040489,"All",2030
2094,-564110.94782567,383910.347799063,-180200.600026608,"All",2030
2095,-566817.555381536,384090.777387977,-182726.77799356,"All",2030
2096,-569439.315959692,384298.232388079,-185141.083571613,"All",2030
2097,-572061.767771363,384360.020084381,-187701.747686982,"All",2030
2098,-574399.674979508,384445.640935659,-189954.034043849,"All",2030
2099,-576466.46644342,384534.144376218,-191932.322067201,"All",2030
2100,-578398.295244396,384639.160291135,-193759.13495326,"All",2030
