"year","cLYG_males","cLYG_females","cLYG_both","cohort","age","policy_year"
2027,-54743.6862293482,-116127.164740473,-85435.4254849106,"All",18.99,2027
2028,-94565.4063789248,-195155.999470294,-144860.702924609,"All",18.99,2027
2029,-102324.181885839,-208336.463396072,-155330.322640955,"All",18.99,2027
2030,-97820.4961658716,-196199.777828157,-147010.136997014,"All",18.99,2027
2031,-83990.9758216143,-169045.194846272,-126518.085333943,"All",18.99,2027
2032,-65497.5366564989,-130182.598106146,-97840.0673813224,"All",18.99,2027
2033,-47803.3548539877,-88549.5483490229,-68176.4516015053,"All",18.99,2027
2034,-27730.0218379498,-39252.6637858152,-33491.3428118825,"All",18.99,2027
2035,-1114.26205968857,17689.9529886246,8287.845464468,"All",18.99,2027
2036,31361.611820221,84989.4865953922,58175.5492078066,"All",18.99,2027
2037,69237.7374105453,159698.488831043,114468.113120794,"All",18.99,2027
2038,116222.147784233,246340.088531494,181281.118157864,"All",18.99,2027
2039,170841.765772104,345103.238472462,257972.502122283,"All",18.99,2027
2040,235355.563693523,457682.445722103,346519.004707813,"All",18.99,2027
2041,309795.898793459,582266.075680256,446030.987236857,"All",18.99,2027
2042,394407.093097687,718865.327647448,556636.210372567,"All",18.99,2027
2043,488087.693734407,867882.853465796,677985.273600101,"All",18.99,2027
2044,590831.271854639,1028195.54955029,809513.410702467,"All",18.99,2027
2045,700357.908002853,1195712.00343847,948034.955720663,"All",18.99,2027
2046,815105.631536245,1369360.06894779,1092232.85024202,"All",18.99,2027
2047,934705.545918703,1551680.11019516,1243192.82805693,"All",18.99,2027
2048,1060892.43770313,1740413.90997982,1400653.17384148,"All",18.99,2027
2049,1196566.75793552,1932785.35733366,1564676.05763459,"All",18.99,2027
2050,1340335.45210552,2126914.13728952,1733624.79469752,"All",18.99,2027
2051,1490283.07736683,2323261.55771112,1906772.31753898,"All",18.99,2027
2052,1648003.8545227,2520653.26124716,2084328.55788493,"All",18.99,2027
2053,1813355.75957012,2718634.80416918,2265995.28186965,"All",18.99,2027
2054,1984219.72675133,2914012.20305157,2449115.96490145,"All",18.99,2027
2055,2161703.88889217,3104959.70594501,2633331.79741859,"All",18.99,2027
2056,2346760.68161869,3290005.02976274,2818382.85569072,"All",18.99,2027
2057,2538069.13490343,3469508.35245943,3003788.74368143,"All",18.99,2027
2058,2734043.58444071,3643537.22890568,3188790.40667319,"All",18.99,2027
2059,2933332.31531477,3812866.91989088,3373099.61760283,"All",18.99,2027
2060,3136183.06325579,3977872.03488111,3557027.54906845,"All",18.99,2027
2061,3342024.08768606,4135773.28825521,3738898.68797064,"All",18.99,2027
2062,3551234.44536209,4287097.71463203,3919166.07999706,"All",18.99,2027
2063,3762901.1688118,4433530.50197554,4098215.83539367,"All",18.99,2027
2064,3977138.96597481,4574052.73532867,4275595.85065174,"All",18.99,2027
2065,4193919.40893698,4708455.74060202,4451187.5747695,"All",18.99,2027
2066,4413115.63937569,4836316.38986683,4624716.01462126,"All",18.99,2027
2067,4632465.05420971,4958877.57983923,4795671.31702447,"All",18.99,2027
2068,4850818.70984983,5076481.48134422,4963650.09559703,"All",18.99,2027
2069,5067567.28436661,5187594.70308733,5127580.99372697,"All",18.99,2027
2070,5282424.53665066,5293008.78942156,5287716.66303611,"All",18.99,2027
2071,5493750.08914566,5392215.05949974,5442982.5743227,"All",18.99,2027
2072,5700146.00266886,5485460.07107496,5592803.03687191,"All",18.99,2027
2073,5901054.3816514,5574389.30403805,5737721.84284472,"All",18.99,2027
2074,6096190.49289751,5659454.38796711,5877822.44043231,"All",18.99,2027
2075,6284894.04896641,5740125.71860933,6012509.88378787,"All",18.99,2027
2076,6467380.52212,5815932.04438925,6141656.28325462,"All",18.99,2027
2077,6643137.69936132,5887903.25270605,6265520.47603369,"All",18.99,2027
2078,6812457.88408041,5955665.01619577,6384061.45013809,"All",18.99,2027
2079,6975362.6301136,6018550.88864708,6496956.75938034,"All",18.99,2027
2080,7131764.91353846,6077415.14857531,6604590.03105688,"All",18.99,2027
2081,7280784.27414846,6132486.39189386,6706635.33302116,"All",18.99,2027
2082,7422217.67268896,6183740.60282946,6802979.13775921,"All",18.99,2027
2083,7557165.69879913,6231215.88080025,6894190.78979969,"All",18.99,2027
2084,7685145.62746525,6275484.12597036,6980314.87671781,"All",18.99,2027
2085,7806557.16382122,6316587.51436806,7061572.33909464,"All",18.99,2027
2086,7921550.62900496,6355004.63952637,7138277.63426566,"All",18.99,2027
2087,8030412.00204897,6390779.48580742,7210595.74392819,"All",18.99,2027
2088,8133324.22329283,6424170.5054779,7278747.36438537,"All",18.99,2027
2089,8230633.4374156,6455081.85973024,7342857.64857292,"All",18.99,2027
2090,8322835.15796137,6483883.84091616,7403359.49943876,"All",18.99,2027
2091,8410585.86172438,6510760.29104185,7460673.07638311,"All",18.99,2027
2092,8493547.8679285,6535687.26418447,7514617.56605649,"All",18.99,2027
2093,8572556.19049215,6558843.8159442,7565700.00321817,"All",18.99,2027
2094,8648340.49316645,6580477.40835762,7614408.95076203,"All",18.99,2027
2095,8720886.97655487,6600935.80842638,7660911.39249063,"All",18.99,2027
2096,8790417.8744688,6620419.23061228,7705418.55254054,"All",18.99,2027
2097,8857269.24052906,6638834.74717045,7748051.99384975,"All",18.99,2027
2098,8921479.33533287,6656019.27924299,7788749.30728793,"All",18.99,2027
2099,8983061.94091511,6672413.38176394,7827737.66133952,"All",18.99,2027
2100,9042365.1170063,6688071.70881224,7865218.41290927,"All",18.99,2027
