"year","healthcare_males","healthcare_females","healthcare_both","overall_males","overall_females","overall_both","productivity_males","productivity_females","productivity_both","consumer_males","consumer_females","consumer_both","cohort","policy_year"
2030,264215291.739997,304562245.327389,568777537.067386,978049526.761263,1176462808.40978,2154512335.17104,2658781395.82286,2769386344.25009,5428167740.07295,3372615630.84412,3641286907.33249,7013902538.17661,"All",2029
2031,522482207.567525,601753229.185282,1124235436.75281,1935145090.75534,2324794842.5849,4259939933.34024,5245358576.96018,5461311096.73945,10706669673.6996,6658021460.148,7184352710.13907,13842374170.2871,"All",2029
2032,774716714.224995,891556581.839706,1666273296.0647,2871511710.52293,3445600012.82821,6317111723.35114,7761521448.69587,8077924845.68853,15839446294.3844,9858316444.99381,10631968276.677,20490284721.6709,"All",2029
2033,1020919794.98183,1174070476.88309,2194990271.86492,3787474875.79465,4539553266.33039,8327028142.12504,10209101584.8075,10621300244.1977,20830401829.0052,12975656665.6203,13986783033.645,26962439699.2653,"All",2029
2034,1261168521.49655,1449392959.23261,2710561480.72916,4683499072.94862,5607256849.10542,10290755922.054,12589858179.7145,13093422864.8493,25683281044.5638,16012188731.1666,17251286754.7221,33263475485.8887,"All",2029
2035,1495585685.50118,1717662071.94997,3213247757.45114,5560100650.85451,6649297768.01901,12209398418.8735,14905567191.9215,15496267757.3824,30401834949.3039,18970082157.2748,20427903453.4515,39397985610.7263,"All",2029
2036,1724295912.20438,1979039189.3577,3703335101.56208,6417707470.16361,7666321557.8472,14084029028.0108,17157948840.9312,17831718876.8215,34989667717.7527,21851360398.8904,23519001245.311,45370361644.2014,"All",2029
2037,1947443349.13413,2233686775.83671,4181130124.97083,7256864999.64108,8658958802.82176,15915823802.4628,19348663500.1665,20101618613.5963,39450282113.7628,24658085150.6734,26526890640.5814,51184975791.2548,"All",2029
2038,2165142258.40913,2481746786.54719,4646889044.95632,8078003350.83648,9627699351.36211,17705702702.1986,21479301804.671,22307727130.0669,43787028934.7379,27392162897.0984,29453679694.8818,56845842591.9802,"All",2029
2039,2377542025.18176,2723401909.15994,5100943934.3417,8881550073.24616,10573187196.3964,19454737269.6426,23551475200.6255,24451809619.5031,48003284820.1287,30055483248.6899,32301594906.7396,62357078155.4295,"All",2029
2040,2584774854.5997,2958810565.03412,5543585419.63382,9667876029.91985,11495974719.3953,21163850749.3151,25566716146.3607,26535571867.4744,52102288013.8351,32649817321.6809,35072736021.8355,67722553343.5164,"All",2029
2041,2786962882.04919,3188126131.18591,5975089013.2351,10437319092.3772,12396581940.7793,22833901033.1564,27526530583.2586,28560656432.5996,56087187015.8582,35176886793.5866,37769112242.1929,72945999035.7795,"All",2029
2042,2984233957.84471,3411498860.30444,6395732818.14915,11190227814.9794,13275504270.0645,24465732085.044,29432442269.413,30528666555.8397,59961108825.2527,37638436126.5477,40392671965.5998,78031108092.1475,"All",2029
2043,3176716741.34077,3629088375.35768,6805805116.69845,11926989065.6479,14133316729.2349,26060305794.8828,31285941855.9522,32441189357.0419,63727131212.994,40036214180.2593,42945417710.9191,82981631891.1783,"All",2029
2044,3364546027.89964,3841051162.09962,7205597189.99926,12647937425.081,14970521403.2434,27618458828.3244,33088442939.7933,34299774482.3409,67388217422.1342,42371834336.9747,45429244723.4846,87801079060.4594,"All",2029
2045,3547847928.13209,4047529241.47947,7595377169.61156,13353409148.0428,15787628949.9716,29141038098.0145,34841316612.4678,36105903704.0588,70947220316.5266,44646877832.3785,47846003412.551,92492881244.9295,"All",2029
2046,3726724687.14459,4248665352.15468,7975390039.29927,14043675093.2042,16585132157.7623,30628807250.9665,36545886088.0912,37861024035.9389,74406910124.0301,46862836494.1508,50197490841.5466,97060327335.6974,"All",2029
2047,3901291034.6442,4444613973.57047,8345905008.21467,14719097787.762,17363561651.6325,32082659439.3945,38203440706.9425,39566546795.7393,77769987502.6818,49021247460.0603,52485494473.8013,101506741933.862,"All",2029
2048,4071645296.2162,4635510579.81187,8707155876.02807,15379987530.1265,18123375451.6314,33503362981.758,39815212086.2213,41223820844.5668,81039032930.7881,51123554320.1316,54711685716.3864,105835240036.518,"All",2029
2049,4237874709.88606,4821473036.76098,9059347746.64704,16026589780.1593,18864987605.3051,34891577385.4643,41382414203.7799,42834199963.143,84216614166.9229,53171129274.0531,56877714531.6871,110048843805.74,"All",2029
2050,4400074930.31985,5002621118.42651,9402696048.74636,16659187749.8368,19588803264.8174,36247991014.6543,42906239174.1799,44398972172.7263,87305211346.9062,55165351993.6969,58985154319.1172,114150506312.814,"All",2029
2051,4558336785.32856,5179064851.80717,9737401637.13572,17278022792.5529,20295180638.741,37573203431.2939,44387857912.0291,45919402277.5739,90307260189.603,57107543919.2535,61035518064.5077,118143061983.761,"All",2029
2052,4712752592.85117,5350918961.78755,10063671554.6387,17883372782.2478,20984507913.6348,38867880695.8826,45828385670.3988,47396717163.5653,93225102833.9641,58999005859.7955,63030306115.4125,122029311975.208,"All",2029
2053,4863396850.84106,5518297225.88661,10381694076.7277,18475452914.9894,21657177299.5089,40132630214.4983,47228910605.7605,48832117143.7971,96061027749.5577,60840966669.9089,64970997217.4194,125811963887.328,"All",2029
2054,5010353172.54072,5681288288.16018,10691641460.7009,19054483727.7459,22313439416.713,41367923144.4589,48590505028.8177,50226769553.7922,98817274582.6099,62634635584.0228,66858920682.345,129493556266.368,"All",2029
2055,5153694846.89119,5840000656.10742,10993695502.9986,19620658653.9844,22953647651.3012,42574306305.2856,49914192582.2665,51581801149.0027,101495993731.269,64381156389.3597,68695448144.1965,133076604533.556,"All",2029
2056,5293491315.77788,5994531775.65644,11288023091.4343,20174166436.6659,23578107034.6611,43752273471.3271,51200973418.7314,52898319400.0524,104099292818.784,66081648539.6195,70481894659.0571,136563543198.677,"All",2029
2057,5429813144.18173,6144983958.38579,11574797102.5675,20715201324.5561,24187144237.6749,44902345562.231,52451820490.4014,54177384975.6955,106629205466.097,67737208670.7758,72219545254.9846,139956753925.76,"All",2029
2058,5562742516.44686,6291450520.04028,11854193036.4871,21243997964.3517,24781051160.1895,46025049124.5412,53667695262.7313,55420034909.5008,109087730172.232,69348950710.6361,73909635549.65,143258586260.286,"All",2029
2059,5692350423.79822,6434023156.25967,12126373580.0579,21760754873.4716,25360128315.1149,47120883188.5865,54849541731.5943,56627290718.5039,111476832450.098,70917946181.2677,75553395877.3591,146471342058.627,"All",2029
2060,5818698224.88105,6572799653.99511,12391497878.8762,22265644769.7196,25924678796.6225,48190323566.3421,55998271025.8345,57800135454.0993,113798406479.934,72445217570.673,77152014596.7266,149597232167.4,"All",2029
2061,5941852804.99795,6707864363.03707,12649717168.035,22758851399.6932,26474998753.3536,49233850153.0468,57114794059.0431,58939540143.8628,116054334202.906,73931792653.7384,78706674534.1793,152638467187.918,"All",2029
2062,6061882872.78489,6839295827.4735,12901178700.2584,23240591507.62,27011373638.3771,50251965145.9971,58199992985.2878,60046445187.1285,118246438172.416,75378701620.1229,80218522998.032,155597224618.155,"All",2029
2063,6178849709.7271,6967167822.27714,13146017532.0042,23711055528.8208,27534055954.9657,51245111483.7865,59254703327.7141,61121753554.4046,120376456882.119,76786909146.8078,81688641687.0931,158475550833.901,"All",2029
2064,6292810651.43269,7091565083.76919,13384375735.2019,24170423647.8852,28043341832.7746,52213765480.6598,60279752367.9703,62166350826.5003,122446103194.471,78157365364.4228,83118127575.5056,161275492939.928,"All",2029
2065,6403823110.88245,7212576697.07775,13616399807.9602,24618855709.2136,28539539660.4485,53158395369.6621,61275945781.1882,63181099991.3928,124457045772.581,79490978379.5194,84508062954.7636,163999041334.283,"All",2029
2066,6511959868.93515,7330290918.95475,13842250787.8899,25056587391.9428,29022953287.2361,54079540679.1789,62244083497.7314,64166838061.111,126410921558.842,80788711020.739,85859500429.3923,166648211450.131,"All",2029
2067,6617286286.24433,7444791685.2831,14062077971.5274,25483825119.6093,29493867148.8214,54977692268.4306,63184934707.4834,65124385091.6821,128309319799.165,82051473540.8484,87173460555.2203,169224934096.069,"All",2029
2068,6719861134.52606,7556160292.21674,14276021426.7428,25900757748.904,29952558414.415,55853316163.319,64099246160.4471,66054534225.8922,130153780386.339,83280142774.8251,88450932348.0904,171731075122.915,"All",2029
2069,6819752518.93518,7664482595.46683,14484235114.402,26307607118.6911,30399330607.7726,56706937726.4637,64987748165.6682,66958064754.133,131945812919.801,84475602765.4241,89692912766.4387,174168515531.863,"All",2029
2070,6917024099.04523,7769836598.74637,14686860697.7916,26704570735.1612,30834457793.1137,57539028528.2749,65851161877.9792,67835734662.9542,133686896540.933,85638708514.0952,90900355857.3215,176539064371.417,"All",2029
2071,7011733855.71428,7872298354.26081,14884032209.9751,27091832335.0781,31258197624.6267,58350029959.7048,66690186715.8122,68688278926.0863,135378465641.899,86770285195.1761,92074178196.4522,178844463391.628,"All",2029
2072,7103944291.53178,7971941575.65445,15075885867.1862,27469603709.5376,31670823287.0507,59140426996.5883,67505489716.3351,69516412339.7494,137021902056.085,87871149134.3409,93215294051.1456,181086443185.487,"All",2029
2073,7193718720.84371,8068840405.31917,15262559126.1629,27838080705.9665,32072595201.9167,59910675907.8832,68297723609.3388,70320825362.6872,138618548972.026,88942085594.4616,94324580159.2848,183266665753.746,"All",2029
2074,7281113077.52354,8163068347.40586,15444181424.9294,28197447661.633,32463794345.0751,60661242006.7081,69067527797.7867,71102193184.5065,140169720982.293,89983862381.8962,95402919182.1757,185386781564.072,"All",2029
2075,7366180002.5789,8254698595.24234,15620878597.8212,28547878741.8009,32844700472.6743,61392579214.4752,69815522105.1651,71861175063.6942,141676697168.859,90997220844.3872,96451176941.1261,187448397785.513,"All",2029
2076,7448978036.1899,8343800464.22936,15792778500.4193,28889567116.242,33215560531.6171,62105127647.8591,70542311047.8345,72598404010.8537,143140715058.688,91982900127.8866,97470164078.2414,189453064206.128,"All",2029
2077,7529560202.01008,8430440772.43166,15960000974.4417,29222677955.6484,33576619105.5671,62799297061.2155,71248482838.213,73314499717.3327,144562982555.546,92941600591.8513,98460678050.4681,191402278642.319,"All",2029
2078,7607983044.33167,8514687071.95935,16122670116.291,29547407638.3688,33928130297.8148,63475537936.1836,71934609157.2041,74010063643.4417,145944672800.646,93874033751.2413,99423506869.2971,193297540620.538,"All",2029
2079,7684302829.41186,8596608768.02857,16280911597.4404,29863940154.2349,34270352474.0887,64134292628.3235,72601247788.8467,74685681537.6763,147286929326.523,94780885113.6697,100359425243.736,195140310357.406,"All",2029
2080,7758571742.95223,8676267429.11305,16434839172.0653,30172458991.2035,34603518580.496,64775977571.6994,73248936217.9826,75341916891.498,148590853109.481,95662823466.2339,101269168042.881,196931991509.115,"All",2029
2081,7830836860.22196,8753723278.86505,16584560139.087,30473118098.1455,34927846482.3353,65400964580.4808,73878198828.0226,75979323054.2778,149857521882.3,96520480065.9462,102153446257.748,198673926323.694,"All",2029
2082,7901152186.30093,8829036599.13505,16730188785.436,30766095195.8722,35243555972.9073,66009651168.7795,74489546880.8808,76598438652.7475,151087985533.628,97354489890.452,103012958026.52,200367447916.972,"All",2029
2083,7969568023.14233,8902263759.18356,16871831782.3259,31051583434.1021,35550858208.8214,66602441642.9235,75083481776.1703,77199783288.0389,152283265064.209,98165497187.1301,103848377737.677,202013874924.807,"All",2029
2084,8036131643.33438,8973460914.49295,17009592557.8273,31329737625.7039,35849959495.9476,67179697121.6515,75660485977.2507,77783867787.6988,153444353764.949,98954091959.6203,104660366369.153,203614458328.774,"All",2029
2085,8100891840.97257,9042685449.82614,17143577290.7987,31600730129.161,36141075888.0295,67741806017.1905,76221034773.1399,78351185291.9327,154572220065.073,99720873061.3284,105449575730.136,205170448791.464,"All",2029
2086,8163899334.59556,9109993309.73832,17273892644.3339,31864742537.2093,36424414903.6971,68289157440.9064,76765590979.9956,78902215053.7311,155667806033.727,100466434182.609,106216636647.69,206683070830.299,"All",2029
2087,8225198637.31215,9175435927.30866,17400634564.6208,32121936341.3148,36700173685.6127,68822110026.9275,77294602575.1898,79437420364.1161,156732022939.306,101191340279.192,106962158122.42,208153498401.613,"All",2029
2088,8284835123.10479,9239066263.00272,17523901386.1075,32372474666.6685,36968550037.3043,69341024703.9728,77808508264.2051,79957254787.1256,157765763051.331,101896147807.769,107686738561.427,209582886369.196,"All",2029
2089,8342852158.29095,9300932848.36544,17643785006.6564,32616511256.4863,37229730935.3616,69846242191.8479,78307731854.1902,80462157283.0151,158769889137.205,102581390952.386,108390955370.011,210972346322.397,"All",2029
2090,8399291935.35628,9361085244.0752,17760377179.4315,32854200052.6681,37483909232.7413,70338109285.4094,78792686554.0181,80952555070.6319,159745241624.65,103247594671.33,109075379059.298,212322973730.628,"All",2029
2091,8454195843.51024,9419571725.4937,17873767569.0039,33085693114.1441,37731273628.9718,70816966743.1158,79263770048.6148,81428860203.5709,160692630252.186,103895267319.249,109740562107.049,213635829426.298,"All",2029
2092,8507604259.75269,9476439697.6203,17984043957.373,33311136780.2413,37972001866.106,71283138646.3472,79721369961.4912,81891473570.2008,161612843531.692,104524902481.98,110387035738.686,214911938220.666,"All",2029
2093,8559557300.29098,9531732140.09441,18091289440.3854,33530676132.7446,38206260547.5232,71736936680.2678,80165867929.8839,82340782802.7927,162506650732.677,105136986762.338,111015311210.221,216152297972.559,"All",2029
2094,8610093337.01503,9585491832.08124,18195585169.0963,33744457091.9187,38434215454.2929,72178672546.2116,80597637338.1916,82777168644.3259,163374805982.517,105732001093.095,111625892266.538,217357893359.633,"All",2029
2095,8659251138.61771,9637760822.73265,18297011961.3504,33952622920.1704,38656020077.0448,72608642997.2152,81017038989.696,83201001695.6675,164218040685.363,106310410771.249,112219260949.98,218529671721.228,"All",2029
2096,8707067220.08818,9688580360.0515,18395647580.1397,34155312164.4464,38871844134.3525,73027156298.7988,81424424778.3637,83612638654.6861,165037063433.05,106872669722.722,112795902428.987,219668572151.709,"All",2029
2097,8753578754.95772,9737991283.26219,18491570038.2199,34352666302.1992,39081849780.0593,73434516082.2584,81820135122.6381,84012429707.9834,165832564830.622,107419222669.88,113356288204.78,220775510874.66,"All",2029
2098,8798820654.8252,9786034096.66833,18584854751.4935,34544818943.8076,39286194977.1602,73831013920.9678,82204504759.3545,84400711423.5188,166605216182.873,107950503048.337,113900872304.011,221851375352.348,"All",2029
2099,8842828455.41816,9832746469.30312,18675574924.7213,34731907659.9199,39485030037.877,74216937697.7969,82577854785.5987,84777811978.7383,167355666764.337,108466933990.101,114430095547.312,222897029537.413,"All",2029
2100,8885634968.33078,9878165419.2663,18763800387.5971,34914056161.5491,39678497126.6522,74592553288.2013,82940498868.2823,85144048714.6412,168084547582.924,108968920061.501,114944380422.027,223913300483.528,"All",2029
