"year","healthcare_males","healthcare_females","healthcare_both","overall_males","overall_females","overall_both","productivity_males","productivity_females","productivity_both","consumer_males","consumer_females","consumer_both","policy_year"
2027,28041073.8526576,48067272.5059164,38054173.179287,70751490.5784825,124776229.168467,97763859.8734746,217540187.405679,351433429.568809,284486808.487244,260250604.131504,428142386.23136,344196495.181432,2027
2028,55608606.1513829,94935530.5646857,75272068.3580343,139837779.078846,245642443.066002,192740111.072424,432332903.853367,695717265.327688,564025084.590528,516562076.78083,846424177.829005,681493127.304917,2027
2029,82562690.8163656,140488418.495611,111525554.655988,206844897.638541,362107753.961177,284476325.799859,643729813.301984,1032786456.43206,838258134.867022,768012020.124159,1254405791.89763,1011208906.01089,2027
2030,109004896.495546,184961953.559241,146983425.027393,272137336.195805,475248407.549838,373692871.872821,852039458.844496,1363286025.07891,1107662741.9617,1015171898.54475,1653572479.06951,1334372188.80713,2027
2031,135016621.137031,228457826.831087,181737223.984059,335883942.028981,585516568.835647,460700255.432314,1057861117.28971,1687793397.45131,1372827257.37051,1258728438.18166,2044852139.45587,1651790288.81876,2027
2032,160655035.689645,271079009.618846,215867022.654246,398329832.058919,693267690.134911,545798761.096915,1261491006.23653,2006996196.53527,1634243601.3859,1499165802.60581,2429184877.05133,1964175339.82857,2027
2033,185871720.309226,312824365.431192,249348042.870209,459363124.029744,798554830.239483,628958977.134614,1462624616.27224,2320659757.24732,1891642186.75978,1736116019.99276,2806390222.05561,2271253121.02419,2027
2034,210660907.578277,353675805.043976,282168356.311127,519037243.34408,901414435.239856,710225839.291968,1661186647.90692,2628497152.09077,2144841899.99884,1969562983.67272,3176235782.28665,2572899382.97968,2027
2035,235022085.60328,393679489.219296,314350787.411288,577375053.806359,1001941283.78369,789658168.795025,1857140519.82944,2930898260.90884,2394019390.36914,2199493488.03252,3539160055.47324,2869326771.75288,2027
2036,258998163.433724,432840980.504694,345919571.969209,634457369.6978,1100090105.19875,867273737.448275,2050843018.89429,3227819504.92866,2639331261.91148,2426302225.15837,3895068629.62272,3160685427.39054,2027
2037,282593946.42464,471209035.667024,376901491.045832,690394254.880991,1195905091.93769,943149673.409338,2242068207.79943,3519599645.60979,2880833926.70461,2649868516.25578,4244295701.88045,3447082109.06811,2027
2038,305757975.854057,508781279.441695,407269627.647876,745099050.104056,1289359461.34301,1017229255.72353,2430364305.24529,3806292214.55491,3118328259.9001,2869705379.49529,4586870396.45622,3728287887.97576,2027
2039,328530566.378029,545604920.903422,437067743.640725,798707390.273089,1380655826.97242,1089681608.62276,2615919874.08132,4087968746.53414,3351944310.30773,3086096697.97639,4923019652.60313,4004558175.28976,2027
2040,350914086.930823,581670818.281369,466292452.606096,851201989.327552,1469804824.64951,1160503406.98853,2798831285.35103,4364570896.44383,3581701090.89743,3299119187.74776,5252704902.81197,4275912045.27987,2027
2041,372908496.167465,617012058.005954,494960277.086709,902604259.260244,1556963996.83509,1229784128.04767,2979075540.57102,4636234013.89335,3807654777.23218,3508771303.6638,5576185952.72248,4542478628.19314,2027
2042,394521189.458121,651635673.20113,523078431.329625,952915317.623687,1642176691.58867,1297546004.60618,3156723292.45541,4902961332.3532,4029842312.4043,3715117420.62097,5893502350.74074,4804309885.68086,2027
2043,415746712.396871,685541720.139695,550644216.268283,1002121614.81143,1725460056.30323,1363790835.55733,3331657662.2582,5164754452.74187,4248206057.50003,3918032564.67276,6204672788.9054,5061352676.78908,2027
2044,436624060.223425,718749188.858164,577686624.540795,1050327980.97753,1806880651.97005,1428604316.47379,3504149488.39047,5421714989.29618,4462932238.84333,4117853409.14458,6509846452.40806,5313849930.77632,2027
2045,457187720.107745,751263550.47158,604225635.289662,1097646558.12241,1886424489.94214,1492035524.03227,3674411553.85664,5673869334.96001,4674140444.40832,4314870391.87131,6809030274.43056,5561950333.15094,2027
2046,477433360.688377,783095155.065594,630264257.876985,1144103580.06876,1964106587.4971,1554105083.78293,3842324959.47074,5921205208.21842,4881765083.84458,4508995178.85112,7102216640.64992,5805605909.75052,2027
2047,497359265.069516,814287701.992257,655823483.530886,1189688496.38256,2040090614.67177,1614889555.52716,4007821556.35786,6163822290.80566,5085821923.58176,4700150787.6709,7389625203.48517,6044887995.57804,2027
2048,516944615.34138,844850104.669364,680897360.005372,1234387501.14085,2114449010.83994,1674418255.99039,4170713087.45933,6401781933.30756,5286247510.38344,4888155973.2588,7671380839.47813,6279768406.36847,2027
2049,536190657.854606,874781858.29004,705486258.072323,1278205393.45936,2187280520.27189,1732742956.86562,4330913441.59187,6634855814.54144,5482884628.06665,5072928177.19662,7947354476.52329,6510141326.85995,2027
2050,555097706.156485,904083215.740826,729590460.948655,1321152097.84461,2258504621.34219,1789828359.5934,4488384442.02943,6863064030.01276,5675724236.02109,5254438833.71756,8217485435.61412,6735962134.66584,2027
2051,573681363.591733,932757301.765942,753219332.678837,1363311852.79274,2328046644.90246,1845679248.8476,4643102094.52934,7086463135.84774,5864782615.18854,5432732583.73035,8481752478.98425,6957242531.3573,2027
2052,591946321.358625,960810573.568331,776378447.463478,1404701366.66055,2395939815.86124,1900320591.2609,4795104728.01849,7304986783.44403,6050045755.73126,5607859773.32042,8740116025.73694,7173987899.52868,2027
2053,609885083.739121,988246152.960317,799065618.349719,1445310068.39062,2462235432.84062,1953772750.61562,4944321423.72459,7518649762.10951,6231485592.91705,5779746408.3761,8992639041.98981,7386192725.18295,2027
2054,627495118.57193,1015064196.10647,821279657.339199,1485144599.10207,2526985064.00828,2006064831.55517,5090660197.82062,7727421163.23576,6409040680.52819,5948309678.35075,9239342031.13757,7593825854.74416,2027
2055,644770797.398831,1041283145.36513,843026971.381983,1524184137.00126,2590311140.96774,2057247638.9845,5234088494.33975,7931325971.2834,6582707232.81158,6113501833.94218,9480353966.886,7796927900.41409,2027
2056,661706744.071389,1066916476.30239,864311610.186888,1562446068.21625,2652323950.66181,2107385009.43903,5374546400.5679,8130302613.82136,6752424507.19463,6275285724.71276,9715710088.18078,7995497906.44677,2027
2057,678304663.107082,1091990725.19915,885147694.153118,1599962437.62955,2713141321.97932,2156551879.80443,5511997520.34355,8324465579.95408,6918231550.14882,6433655294.86602,9945616176.73424,8189635735.80013,2027
2058,694581008.438529,1116508721.93855,905544865.18854,1636800301.35388,2772771087.85027,2204785694.60207,5646484545.98821,8513906885.46466,7080195715.72644,6588703838.90356,10170169251.3764,8379436545.13997,2027
2059,710551757.78923,1140462236.88348,925506997.336357,1673028572.95217,2831190088.19279,2252109330.57248,5778059243.61511,8698607297.95547,7238333270.78529,6740536058.77805,10389335149.2648,8564935604.02141,2027
2060,726205958.005626,1163881520.94567,945043739.475648,1708617956.14316,2888471025.12497,2298544490.63406,5906712269.3851,8878729245.79765,7392720757.59138,6889124267.52263,10603318749.9769,8746221508.74979,2027
2061,741541209.954854,1186757986.6195,964149598.287178,1743569712.24974,2944564072.43363,2344066892.34169,6032422785.55556,9054207916.59534,7543315351.07545,7034451287.85045,10812014002.4095,8923232645.12995,2027
2062,756557621.573458,1209070159.83254,982813890.703,1777919227.93138,2999411419.59958,2388665323.76548,6155142448.20525,9224940783.38529,7690041615.79527,7176504054.56316,11015282043.1523,9095893048.85774,2027
2063,771241738.7441,1230803397.56458,1001022568.15434,1811628018.05904,3052985766.61225,2432306892.33565,6274802977.20892,9390908211.6338,7832855594.42136,7315189256.52386,11213090580.6815,9264139918.60266,2027
2064,785578642.864723,1251959868.23598,1018769255.55035,1844658313.59312,3105273114.93686,2474965714.26499,6391308365.28368,9552182003.13431,7971745184.20899,7450388036.01208,11405495249.8352,9427941642.92363,2027
2065,799565146.845042,1272551010.54353,1036058078.69429,1877003575.8612,3156277903.43215,2516640739.64668,6504654811.89815,9708892373.43243,8106773592.66529,7582093240.91431,11592619266.321,9587356253.61768,2027
2066,813209336.999653,1292593545.49071,1052901441.24518,1908676940.42103,3206048465.58644,2557362703.00374,6614924432.58832,9861137318.15257,8238030875.37045,7710392036.0097,11774592238.2483,9742492137.129,2027
2067,826515464.407427,1312106874.11579,1069311169.26161,1939672976.84533,3254650501.437,2597161739.14117,6722154702.99883,10009012973.8194,8365583838.40911,7835312215.43674,11951556601.1406,9893434408.28867,2027
2068,839484926.677455,1331102375.07103,1085293650.87424,1969987544.6005,3302101391.70111,2636044468.1508,6826387596.44557,10152665283.7458,8489526440.09568,7956890214.36861,12123664300.3759,10040277257.3722,2027
2069,852125739.775054,1349606063.29419,1100865901.53462,1999643903.94362,3348467710.26008,2674055807.10185,6927700524.63138,10292263536.3887,8609982030.51004,8075218688.79994,12291125183.3546,10183171936.0773,2027
2070,864442767.619268,1367624496.3736,1116033631.99643,2028636428.58454,3393744790.97308,2711190609.77881,7026183633.11034,10427919295.3317,8727051464.22103,8190377294.07561,12454039589.9312,10322208442.0034,2027
2071,876444691.549947,1385178318.00715,1130811504.77855,2056979851.44139,3437984553.09527,2747482202.26833,7121911197.6912,10559745747.0012,8840828472.34619,8302446357.58264,12612551982.0893,10457499169.836,2027
2072,888140038.233936,1402274452.674,1145207245.45397,2084690281.27466,3481185719.37345,2782938000.32406,7214955876.5944,10687819503.7463,8951387690.17035,8411506119.63513,12766730770.4457,10589118445.0404,2027
2073,899543551.595343,1418929361.00286,1159236456.2991,2111806080.80423,3523389454.32612,2817597767.56518,7305412415.15928,10812270062.7119,9058841238.93558,8517674944.36818,12916730156.0351,10717202550.2017,2027
2074,910664236.873842,1435149204.04411,1172906720.45898,2138342819.22385,3564590252.47511,2851466535.84948,7393345485.27102,10933197858.2014,9163271671.73622,8621024067.62103,13062638906.6324,10841831487.1267,2027
2075,921494030.16758,1450940752.98022,1186217391.5739,2164251205.32055,3604797266.13351,2884524235.72703,7478795984.19807,11050686612.859,9264741298.52851,8721553159.35104,13204543126.0122,10963048142.6816,2027
2076,932043609.716926,1466321451.69218,1199182530.70455,2189567646.9183,3644055832.30823,2916811739.61326,7561817783.07699,11164835580.2354,9363326681.65619,8819341820.27836,13342569960.8514,11080955890.5649,2027
2077,942319076.67525,1481294897.26079,1211806986.96802,2214293786.30988,3682356739.3007,2948325262.80529,7642482866.8223,11275724522.3385,9459103694.58038,8914457576.45693,13476786364.3784,11195621970.4177,2027
2078,952325992.362174,1495872962.12594,1224099477.24406,2238439132.79261,3719725441.02604,2979082286.90932,7720844528.39189,11383443968.9519,9552144248.67187,9006957668.82232,13607296447.852,11307127058.3371,2027
2079,962080130.395694,1510071189.24105,1236075659.81837,2262055216.78576,3756214500.27244,3009134858.5291,7796989508.10105,11488084321.9355,9642536915.01827,9096964594.49112,13734227632.9669,11415596113.729,2027
2080,971581275.800765,1523893185.89286,1247737230.84681,2285120267.01179,3791813910.96035,3038467088.98607,7870975118.67359,11589724728.9866,9730349923.8301,9184514109.88461,13857645454.0541,11521079781.9694,2027
2081,980829969.145439,1537347274.09291,1259088621.61918,2307621121.00321,3826537485.6929,3067079303.34806,7942859768.41017,11688451222.4366,9815655495.42339,9269650920.26794,13977641434.0366,11623646177.1523,2027
2082,989843358.906819,1550444836.44582,1270144097.67632,2329617591.29421,3860416011.6071,3095016801.45066,8012702620.12179,11784338808.854,9898520714.48788,9352476852.50919,14094309984.0152,11723393418.2622,2027
2083,998613292.682161,1563192250.67224,1280902771.6772,2351057111.09622,3893455486.17964,3122256298.63793,8080551419.17923,11877469892.0235,9979010655.60136,9432995237.59329,14207733127.5309,11820364182.5621,2027
2084,1007151724.73653,1575596486.74616,1291374105.74135,2371976914.64133,3925663890.3086,3148820402.47496,8146466763.96682,11967926807.4288,10057196785.6978,9511291953.87162,14317994210.9913,11914643082.4314,2027
2085,1015463760.92853,1587665053.30626,1301564407.1174,2392385536.89435,3957054556.8815,3174720046.88792,8210506829.51681,12055782973.0788,10133144901.2978,9587428605.48262,14425172476.654,12006300541.0683,2027
2086,1023560314.65585,1599408589.82359,1311484452.23972,2412316876.57421,3987657694.9863,3199987285.78026,8272729402.1105,12141114505.9162,10206921954.0134,9661485964.02886,14529363611.0789,12095424787.5539,2027
2087,1031442024.548,1610831979.72598,1321137002.13699,2431760650.29112,4017471674.65708,3224616162.4741,8333177019.23628,12223991015.3322,10278584017.2843,9733495644.9794,14630630710.2633,12182063177.6214,2027
2088,1039112237.32074,1621946575.50518,1330529406.41296,2450717184.42987,4046527909.22176,3248622546.82582,8391898092.41271,12304488640.1573,10348193366.285,9803503039.52185,14729069973.8739,12266286506.6979,2027
2089,1046578133.96401,1632755236.10104,1339666685.03252,2469207934.72632,4074818932.41528,3272013433.5708,8448937364.26262,12382669424.6559,10415803394.4592,9871567165.02493,14824733120.9701,12348150142.9975,2027
2090,1053838066.62417,1643264192.70642,1348551129.66529,2487210654.1685,4102357734.40969,3294784194.28909,8504338828.08621,12458596630.9755,10481467729.5308,9937711415.63054,14917690172.6787,12427700794.1546,2027
2091,1060898204.09628,1653480122.16069,1357189163.12848,2504741322.34566,4129155372.50736,3316948347.42651,8558144100.01437,12532336388.7135,10545240244.364,10001987218.2638,15008011639.0602,12504999428.662,2027
2092,1067763831.448,1663415200.98696,1365589516.21748,2521810729.63432,4155248281.57707,3338529505.6057,8610400071.25059,12603950387.505,10607175229.3778,10064446969.4369,15095783468.0951,12580115218.766,2027
2093,1074441694.10712,1673072457.82684,1373757075.96698,2538437664.66672,4180633490.16575,3359535577.41624,8661151587.12824,12673498445.5193,10667325016.3238,10125147557.6878,15181059477.8582,12653103517.773,2027
2094,1080930837.29203,1682457337.02717,1381694087.1596,2554607726.94035,4205317472.15505,3379962599.5477,8710435230.95053,12741041148.3017,10725738189.6261,10184112120.5988,15263901283.4296,12724006702.0142,2027
2095,1087240450.02659,1691580847.93121,1389410648.9789,2570349895.68163,4229335349.08293,3399842622.38228,8758296642.28735,12806640098.3058,10782468370.2966,10241406087.9424,15344394599.4575,12792900343.6999,2027
2096,1093374132.49431,1700446016.18534,1396910074.33983,2585668980.77227,4252686370.75112,3419177675.76169,8804775199.50363,12870347079.1469,10837561139.3253,10297070047.7816,15422587433.7127,12859828740.7471,2027
2097,1099334500.34117,1709059138.38285,1404196819.36201,2600565379.44336,4275382043.0835,3437973711.26343,8849911751.49888,12932218613.5606,10891065182.5298,10351142630.6011,15498541518.2613,12924842074.4312,2027
2098,1105125414.27804,1717430102.91513,1411277758.59658,2615044736.2956,4297453196.20225,3456248966.24892,8893748309.96783,12992310685.7711,10943029497.8695,10403667631.9854,15572333779.0582,12988000705.5218,2027
2099,1110753543.9481,1725561678.78517,1418157611.36664,2629126365.16032,4318897585.27219,3474011975.21626,8936322726.96826,13050672266.1797,10993497496.574,10454695548.1805,15644008172.6667,13049351860.4236,2027
2100,1116222526.1077,1733462589.29673,1424842557.70222,2642816809.53728,4339742823.14366,3491279816.34047,8977671549.08063,13107353124.4614,11042512336.771,10504265832.5102,15713633358.3084,13108949595.4093,2027
