"age","year","males_baseline","males_policy","males_diff","females_baseline","females_policy","females_diff","both_baseline","both_policy","both_diff","cohort","policy_year"
18.25,2005,0.36254,0.36254,0,0.2568,0.2568,0,0.30967,0.30967,0,"All",2027
18.25,2006,0.3531,0.3531,0,0.24761,0.24761,0,0.30035,0.30035,0,"All",2027
18.25,2007,0.34232,0.34232,0,0.23777,0.23777,0,0.29005,0.29005,0,"All",2027
18.25,2008,0.33023,0.33023,0,0.22726,0.22726,0,0.27874,0.27874,0,"All",2027
18.25,2009,0.31683,0.31683,0,0.21631,0.21631,0,0.26657,0.26657,0,"All",2027
18.25,2010,0.30195,0.30195,0,0.20508,0.20508,0,0.25352,0.25352,0,"All",2027
18.25,2011,0.28547,0.28547,0,0.19345,0.19345,0,0.23946,0.23946,0,"All",2027
18.25,2012,0.26715,0.26715,0,0.1814,0.1814,0,0.22428,0.22428,0,"All",2027
18.25,2013,0.24256,0.24256,0,0.16596,0.16596,0,0.20426,0.20426,0,"All",2027
18.25,2014,0.21942,0.21942,0,0.15115,0.15115,0,0.18529,0.18529,0,"All",2027
18.25,2015,0.19766,0.19766,0,0.13669,0.13669,0,0.16717,0.16717,0,"All",2027
18.25,2016,0.1784,0.1784,0,0.12345,0.12345,0,0.15092,0.15092,0,"All",2027
18.25,2017,0.15959,0.15959,0,0.11039,0.11039,0,0.13499,0.13499,0,"All",2027
18.25,2018,0.14131,0.14131,0,0.0978,0.0978,0,0.11955,0.11955,0,"All",2027
18.25,2019,0.12529,0.12529,0,0.08612,0.08612,0,0.10571,0.10571,0,"All",2027
18.25,2020,0.11027,0.11027,0,0.074899,0.074899,0,0.092583,0.092583,0,"All",2027
18.25,2021,0.097889,0.097889,0,0.065476,0.065476,0,0.081683,0.081683,0,"All",2027
18.25,2022,0.086677,0.086677,0,0.056841,0.056841,0,0.071759,0.071759,0,"All",2027
18.25,2023,0.078221,0.078221,0,0.049904,0.049904,0,0.064063,0.064063,0,"All",2027
18.25,2024,0.071331,0.071331,0,0.04414,0.04414,0,0.057735,0.057735,0,"All",2027
18.25,2025,0.066047,0.066047,0,0.03938,0.03938,0,0.052714,0.052714,0,"All",2027
18.25,2026,0.06258,0.06258,0,0.035748,0.035748,0,0.049164,0.049164,0,"All",2027
18.25,2027,0.060194,0.039162,0.021032,0.033245,0.02069,0.012555,0.046719,0.029926,0.016793,"All",2027
18.25,2028,0.058812,0.025364,0.033449,0.031933,0.012738,0.019195,0.045373,0.019051,0.026322,"All",2027
18.25,2029,0.057449,0.016401,0.041048,0.031141,0.008128,0.023013,0.044295,0.012265,0.032031,"All",2027
18.25,2030,0.056888,0.010935,0.045952,0.030754,0.0055555,0.025198,0.043821,0.0082455,0.035575,"All",2027
18.25,2031,0.056281,0.0078168,0.048464,0.030602,0.0040115,0.02659,0.043441,0.0059142,0.037527,"All",2027
18.25,2032,0.056009,0.0062678,0.049741,0.030527,0.0032924,0.027235,0.043268,0.0047801,0.038488,"All",2027
18.25,2033,0.055795,0.0052288,0.050566,0.030462,0.0029328,0.02753,0.043128,0.0040808,0.039048,"All",2027
18.25,2034,0.055769,0.0047167,0.051052,0.030409,0.0028164,0.027593,0.043089,0.0037666,0.039322,"All",2027
18.25,2035,0.055723,0.0045198,0.051203,0.030402,0.0027168,0.027686,0.043063,0.0036183,0.039444,"All",2027
18.25,2036,0.055691,0.0044728,0.051218,0.030378,0.0026668,0.027711,0.043034,0.0035698,0.039464,"All",2027
18.25,2037,0.05566,0.0044636,0.051196,0.030353,0.0026663,0.027687,0.043006,0.003565,0.039441,"All",2027
18.25,2038,0.055629,0.0044545,0.051175,0.030337,0.0026574,0.027679,0.042983,0.0035559,0.039427,"All",2027
18.25,2039,0.055619,0.004461,0.051158,0.03032,0.0026567,0.027664,0.04297,0.0035588,0.039411,"All",2027
18.25,2040,0.055637,0.0045121,0.051125,0.030321,0.0026726,0.027648,0.042979,0.0035923,0.039387,"All",2027
18.25,2041,0.05565,0.0045482,0.051102,0.030322,0.0027053,0.027617,0.042986,0.0036267,0.039359,"All",2027
18.25,2042,0.055677,0.0045691,0.051108,0.030309,0.0027213,0.027587,0.042993,0.0036452,0.039347,"All",2027
18.25,2043,0.055727,0.0045676,0.051159,0.030294,0.0027205,0.027573,0.04301,0.003644,0.039366,"All",2027
18.25,2044,0.055773,0.0045587,0.051214,0.030287,0.0027363,0.027551,0.04303,0.0036475,0.039383,"All",2027
18.25,2045,0.055805,0.0045571,0.051248,0.030314,0.0027522,0.027562,0.04306,0.0036546,0.039405,"All",2027
18.25,2046,0.055841,0.0045559,0.051285,0.030357,0.0027599,0.027597,0.043099,0.0036579,0.039441,"All",2027
18.25,2047,0.055886,0.0045547,0.051331,0.030384,0.0027677,0.027616,0.043135,0.0036612,0.039473,"All",2027
18.25,2048,0.055909,0.004539,0.05137,0.030409,0.0027589,0.027651,0.043159,0.0036489,0.03951,"All",2027
18.25,2049,0.055913,0.0045161,0.051397,0.030445,0.0027585,0.027687,0.043179,0.0036373,0.039542,"All",2027
18.25,2050,0.055939,0.0045077,0.051431,0.030471,0.0027579,0.027713,0.043205,0.0036328,0.039572,"All",2027
18.25,2051,0.055964,0.0044991,0.051465,0.030499,0.0027574,0.027741,0.043231,0.0036283,0.039603,"All",2027
18.25,2052,0.055971,0.0044835,0.051488,0.030525,0.002765,0.02776,0.043248,0.0036243,0.039624,"All",2027
18.25,2053,0.055996,0.00449,0.051506,0.030527,0.0027645,0.027762,0.043261,0.0036272,0.039634,"All",2027
18.25,2054,0.055986,0.0044817,0.051505,0.030529,0.002764,0.027765,0.043258,0.0036229,0.039635,"All",2027
18.25,2055,0.055976,0.0044659,0.05151,0.030531,0.0027718,0.02776,0.043254,0.0036188,0.039635,"All",2027
18.25,2056,0.055956,0.00445,0.051506,0.030533,0.0027712,0.027762,0.043245,0.0036106,0.039634,"All",2027
18.25,2057,0.05593,0.0044341,0.051496,0.030537,0.0027708,0.027766,0.043233,0.0036024,0.039631,"All",2027
18.25,2058,0.055909,0.0044256,0.051484,0.030556,0.0027703,0.027785,0.043232,0.0035979,0.039634,"All",2027
18.25,2059,0.055911,0.0044319,0.051479,0.030567,0.0027698,0.027797,0.043239,0.0036008,0.039638,"All",2027
18.25,2060,0.055921,0.0044234,0.051498,0.030587,0.0027776,0.02781,0.043254,0.0036005,0.039654,"All",2027
18.25,2061,0.055933,0.0044301,0.051503,0.030583,0.0027688,0.027814,0.043258,0.0035994,0.039658,"All",2027
18.25,2062,0.055934,0.0044366,0.051497,0.030594,0.0027763,0.027817,0.043264,0.0036065,0.039657,"All",2027
18.25,2063,0.055937,0.0044431,0.051494,0.030606,0.0027677,0.027838,0.043271,0.0036054,0.039666,"All",2027
18.25,2064,0.05592,0.0044646,0.051456,0.030602,0.0027756,0.027826,0.043261,0.0036201,0.039641,"All",2027
18.25,2065,0.055918,0.0044786,0.051439,0.03059,0.0027752,0.027815,0.043254,0.0036269,0.039627,"All",2027
18.25,2066,0.055901,0.0044777,0.051423,0.03058,0.0027668,0.027813,0.043241,0.0036222,0.039618,"All",2027
18.25,2067,0.055914,0.0044765,0.051438,0.030553,0.0027583,0.027795,0.043233,0.0036174,0.039616,"All",2027
18.25,2068,0.055939,0.0044827,0.051457,0.030525,0.0027497,0.027776,0.043232,0.0036162,0.039616,"All",2027
18.25,2069,0.055931,0.0044892,0.051441,0.030498,0.0027494,0.027748,0.043214,0.0036193,0.039595,"All",2027
18.25,2070,0.055887,0.0044882,0.051399,0.030479,0.0027491,0.02773,0.043183,0.0036187,0.039564,"All",2027
18.25,2071,0.055851,0.0044726,0.051379,0.030461,0.0027488,0.027712,0.043156,0.0036107,0.039545,"All",2027
18.25,2072,0.055853,0.0044646,0.051388,0.03046,0.0027486,0.027711,0.043156,0.0036066,0.03955,"All",2027
18.25,2073,0.055848,0.0044566,0.051391,0.030433,0.0027484,0.027685,0.043141,0.0036025,0.039538,"All",2027
18.25,2074,0.055843,0.004441,0.051402,0.030415,0.0027483,0.027667,0.043129,0.0035947,0.039534,"All",2027
18.25,2075,0.055832,0.0044334,0.051399,0.030398,0.0027481,0.02765,0.043115,0.0035908,0.039525,"All",2027
18.25,2076,0.055851,0.004448,0.051403,0.030372,0.002748,0.027624,0.043111,0.003598,0.039514,"All",2027
18.25,2077,0.055846,0.0044551,0.051391,0.030362,0.0027477,0.027615,0.043104,0.0036014,0.039503,"All",2027
18.25,2078,0.055852,0.0044402,0.051412,0.030352,0.0027475,0.027604,0.043102,0.0035938,0.039508,"All",2027
18.25,2079,0.055863,0.0044549,0.051408,0.030333,0.0027556,0.027577,0.043098,0.0036052,0.039493,"All",2027
18.25,2080,0.055858,0.0044694,0.051388,0.030322,0.0027554,0.027567,0.04309,0.0036124,0.039478,"All",2027
18.25,2081,0.055861,0.0044616,0.051399,0.030311,0.0027551,0.027556,0.043086,0.0036084,0.039478,"All",2027
18.25,2082,0.05588,0.0044465,0.051433,0.030325,0.0027548,0.02757,0.043102,0.0036007,0.039502,"All",2027
18.25,2083,0.05589,0.004424,0.051466,0.030339,0.0027545,0.027584,0.043114,0.0035892,0.039525,"All",2027
18.25,2084,0.055885,0.0044088,0.051476,0.030353,0.0027624,0.027591,0.043119,0.0035856,0.039533,"All",2027
18.25,2085,0.055871,0.0043863,0.051485,0.030368,0.0027622,0.027606,0.043119,0.0035742,0.039545,"All",2027
18.25,2086,0.055845,0.0043415,0.051503,0.030359,0.0027458,0.027613,0.043102,0.0035436,0.039558,"All",2027
18.25,2087,0.055804,0.0043264,0.051477,0.030357,0.0027457,0.027612,0.04308,0.003536,0.039544,"All",2027
18.25,2088,0.055776,0.0043333,0.051443,0.03034,0.0027456,0.027594,0.043058,0.0035394,0.039519,"All",2027
18.25,2089,0.055786,0.0043256,0.051461,0.030346,0.0027539,0.027592,0.043066,0.0035397,0.039526,"All",2027
18.25,2090,0.055796,0.0043105,0.051486,0.030343,0.0027452,0.027598,0.04307,0.0035279,0.039542,"All",2027
18.25,2091,0.055778,0.0043029,0.051475,0.030333,0.0027451,0.027588,0.043056,0.003524,0.039532,"All",2027
18.25,2092,0.055783,0.0043028,0.05148,0.030322,0.0027448,0.027577,0.043052,0.0035238,0.039529,"All",2027
18.25,2093,0.055773,0.0043026,0.05147,0.03031,0.0027445,0.027566,0.043041,0.0035236,0.039518,"All",2027
18.25,2094,0.055739,0.0043096,0.051429,0.030291,0.0027443,0.027547,0.043015,0.003527,0.039488,"All",2027
18.25,2095,0.055704,0.0043093,0.051394,0.03028,0.002744,0.027536,0.042992,0.0035266,0.039465,"All",2027
18.25,2096,0.055655,0.004309,0.051346,0.03027,0.0027438,0.027526,0.042962,0.0035264,0.039436,"All",2027
18.25,2097,0.055621,0.0042938,0.051328,0.03026,0.0027354,0.027525,0.042941,0.0035146,0.039426,"All",2027
18.25,2098,0.055587,0.0042861,0.051301,0.030251,0.002727,0.027524,0.042919,0.0035066,0.039413,"All",2027
18.25,2099,0.05561,0.0042858,0.051324,0.030259,0.0027354,0.027523,0.042934,0.0035106,0.039424,"All",2027
18.25,2100,0.055618,0.0042928,0.051325,0.030266,0.0027436,0.027522,0.042942,0.0035182,0.039424,"All",2027
18.99,2005,0.32419,0.32419,0,0.24614,0.24614,0,0.28516,0.28516,0,"All",2027
18.99,2006,0.3181,0.3181,0,0.24187,0.24187,0,0.27999,0.27999,0,"All",2027
18.99,2007,0.31163,0.31163,0,0.23733,0.23733,0,0.27448,0.27448,0,"All",2027
18.99,2008,0.30475,0.30475,0,0.23247,0.23247,0,0.26861,0.26861,0,"All",2027
18.99,2009,0.29741,0.29741,0,0.2273,0.2273,0,0.26236,0.26236,0,"All",2027
18.99,2010,0.28966,0.28966,0,0.22191,0.22191,0,0.25578,0.25578,0,"All",2027
18.99,2011,0.28151,0.28151,0,0.21613,0.21613,0,0.24882,0.24882,0,"All",2027
18.99,2012,0.27301,0.27301,0,0.21013,0.21013,0,0.24157,0.24157,0,"All",2027
18.99,2013,0.26119,0.26119,0,0.20172,0.20172,0,0.23145,0.23145,0,"All",2027
18.99,2014,0.24943,0.24943,0,0.19343,0.19343,0,0.22143,0.22143,0,"All",2027
18.99,2015,0.23811,0.23811,0,0.18551,0.18551,0,0.21181,0.21181,0,"All",2027
18.99,2016,0.22695,0.22695,0,0.17795,0.17795,1.5784e-07,0.20245,0.20245,7.892e-08,"All",2027
18.99,2017,0.21535,0.21535,3.525e-09,0.17013,0.17013,3.1764e-07,0.19274,0.19274,1.6058e-07,"All",2027
18.99,2018,0.20602,0.20602,2.0709e-07,0.16283,0.16283,3.0393e-07,0.18443,0.18443,2.5551e-07,"All",2027
18.99,2019,0.19685,0.19685,7.8314e-09,0.15562,0.15562,4.1585e-07,0.17624,0.17624,2.1184e-07,"All",2027
18.99,2020,0.18817,0.18817,3.7428e-07,0.14894,0.14894,8.0002e-07,0.16856,0.16856,5.8715e-07,"All",2027
18.99,2021,0.1799,0.1799,3.6128e-07,0.14223,0.14223,1.1488e-06,0.16107,0.16106,7.5506e-07,"All",2027
18.99,2022,0.17161,0.17161,1.7732e-07,0.13582,0.13582,5.9903e-07,0.15372,0.15372,3.8818e-07,"All",2027
18.99,2023,0.16413,0.16413,3.2791e-07,0.12973,0.12973,4.536e-07,0.14693,0.14693,3.9075e-07,"All",2027
18.99,2024,0.15719,0.15719,4.6417e-07,0.12405,0.12405,6.53e-07,0.14062,0.14062,5.5859e-07,"All",2027
18.99,2025,0.15065,0.15065,4.4366e-07,0.11853,0.11853,7.3306e-07,0.13459,0.13459,5.8836e-07,"All",2027
18.99,2026,0.14453,0.14453,2.8599e-07,0.11336,0.11336,6.1076e-07,0.12895,0.12895,4.4837e-07,"All",2027
18.99,2027,0.13866,0.081954,0.056704,0.10848,0.062955,0.045525,0.12357,0.072454,0.051115,"All",2027
18.99,2028,0.13313,0.054039,0.07909,0.10374,0.041415,0.062328,0.11844,0.047727,0.070709,"All",2027
18.99,2029,0.12783,0.035746,0.092084,0.099121,0.027349,0.071772,0.11348,0.031548,0.081928,"All",2027
18.99,2030,0.1227,0.023678,0.099017,0.094719,0.017993,0.076726,0.10871,0.020835,0.087872,"All",2027
18.99,2031,0.11779,0.015663,0.10213,0.090416,0.011853,0.078563,0.1041,0.013758,0.090345,"All",2027
18.99,2032,0.11313,0.010426,0.10271,0.086313,0.0078359,0.078477,0.099722,0.0091309,0.090591,"All",2027
18.99,2033,0.10869,0.0069218,0.10177,0.08239,0.0051641,0.077226,0.095538,0.0060429,0.089495,"All",2027
18.99,2034,0.10445,0.0047017,0.099753,0.07868,0.00344,0.07524,0.091567,0.0040709,0.087496,"All",2027
18.99,2035,0.10045,0.0032611,0.097192,0.075136,0.0023661,0.07277,0.087795,0.0028136,0.084981,"All",2027
18.99,2036,0.096556,0.0023671,0.094189,0.07182,0.0016747,0.070145,0.084188,0.0020209,0.082167,"All",2027
18.99,2037,0.092881,0.0017968,0.091085,0.068653,0.0012196,0.067433,0.080767,0.0015082,0.079259,"All",2027
18.99,2038,0.089426,0.0014155,0.088011,0.065629,0.0009063,0.064723,0.077528,0.0011609,0.076367,"All",2027
18.99,2039,0.086111,0.0011662,0.084944,0.062728,0.00069476,0.062034,0.07442,0.00093049,0.073489,"All",2027
18.99,2040,0.082986,0.0010073,0.081979,0.059965,0.00057649,0.059389,0.071476,0.00079192,0.070684,"All",2027
18.99,2041,0.079979,0.00089467,0.079084,0.057331,0.00049697,0.056834,0.068655,0.00069582,0.067959,"All",2027
18.99,2042,0.077057,0.00081255,0.076244,0.054839,0.00044212,0.054397,0.065948,0.00062734,0.065321,"All",2027
18.99,2043,0.074331,0.00075791,0.073573,0.052443,0.00040917,0.052034,0.063387,0.00058354,0.062804,"All",2027
18.99,2044,0.071746,0.00071798,0.071028,0.050224,0.00038161,0.049843,0.060985,0.00054979,0.060436,"All",2027
18.99,2045,0.069391,0.00070072,0.06869,0.048124,0.00036533,0.047759,0.058757,0.00053303,0.058224,"All",2027
18.99,2046,0.067191,0.00068706,0.066504,0.046148,0.00035943,0.045788,0.056669,0.00052325,0.056146,"All",2027
18.99,2047,0.065084,0.00068495,0.064399,0.044234,0.00035445,0.04388,0.054659,0.0005197,0.054139,"All",2027
18.99,2048,0.063026,0.00068106,0.062345,0.042417,0.00034779,0.042069,0.052721,0.00051442,0.052207,"All",2027
18.99,2049,0.061057,0.00067184,0.060385,0.040664,0.00034285,0.040321,0.05086,0.00050734,0.050353,"All",2027
18.99,2050,0.059187,0.0006653,0.058522,0.039028,0.00033962,0.038689,0.049108,0.00050246,0.048605,"All",2027
18.99,2051,0.057449,0.00065798,0.056791,0.037468,0.00033897,0.037129,0.047458,0.00049848,0.04696,"All",2027
18.99,2052,0.055808,0.00065079,0.055158,0.036005,0.00033917,0.035665,0.045907,0.00049498,0.045412,"All",2027
18.99,2053,0.054231,0.00064713,0.053584,0.034612,0.00033854,0.034273,0.044421,0.00049283,0.043928,"All",2027
18.99,2054,0.052831,0.00064172,0.05219,0.033321,0.00033791,0.032983,0.043076,0.00048981,0.042586,"All",2027
18.99,2055,0.051523,0.00063898,0.050884,0.032091,0.00033814,0.031753,0.041807,0.00048856,0.041318,"All",2027
18.99,2056,0.050307,0.0006328,0.049674,0.030948,0.0003375,0.03061,0.040627,0.00048515,0.040142,"All",2027
18.99,2057,0.049089,0.00062839,0.04846,0.029881,0.00033609,0.029545,0.039485,0.00048224,0.039003,"All",2027
18.99,2058,0.047919,0.00062663,0.047292,0.028918,0.00033554,0.028582,0.038418,0.00048109,0.037937,"All",2027
18.99,2059,0.046843,0.00062663,0.046216,0.028011,0.00033498,0.027676,0.037427,0.00048081,0.036946,"All",2027
18.99,2060,0.045873,0.0006241,0.045249,0.027161,0.00033531,0.026825,0.036517,0.00047971,0.036037,"All",2027
18.99,2061,0.044962,0.00062417,0.044338,0.02638,0.00033478,0.026045,0.035671,0.00047947,0.035191,"All",2027
18.99,2062,0.044057,0.00062423,0.043432,0.025655,0.00033505,0.02532,0.034856,0.00047964,0.034376,"All",2027
18.99,2063,0.043206,0.00062172,0.042584,0.024952,0.00033362,0.024618,0.034079,0.00047767,0.033601,"All",2027
18.99,2064,0.042392,0.00062171,0.04177,0.024316,0.00033385,0.023982,0.033354,0.00047778,0.032876,"All",2027
18.99,2065,0.04162,0.00062173,0.040998,0.023744,0.00033156,0.023412,0.032682,0.00047665,0.032205,"All",2027
18.99,2066,0.040892,0.00062094,0.040271,0.023199,0.00033014,0.022869,0.032046,0.00047554,0.03157,"All",2027
18.99,2067,0.040289,0.00062175,0.039667,0.02264,0.00032875,0.022311,0.031464,0.00047525,0.030989,"All",2027
18.99,2068,0.039761,0.00062429,0.039137,0.022148,0.00032739,0.021821,0.030955,0.00047584,0.030479,"All",2027
18.99,2069,0.039227,0.00062348,0.038604,0.021712,0.0003269,0.021386,0.03047,0.00047519,0.029995,"All",2027
18.99,2070,0.038735,0.00062432,0.03811,0.02131,0.0003264,0.020983,0.030022,0.00047536,0.029547,"All",2027
18.99,2071,0.038283,0.00062271,0.03766,0.020964,0.00032592,0.020638,0.029623,0.00047431,0.029149,"All",2027
18.99,2072,0.037865,0.00062197,0.037243,0.020635,0.00032544,0.02031,0.02925,0.0004737,0.028776,"All",2027
18.99,2073,0.037478,0.00062051,0.036858,0.020327,0.00032498,0.020002,0.028903,0.00047275,0.02843,"All",2027
18.99,2074,0.037115,0.00061824,0.036497,0.020052,0.00032452,0.019727,0.028583,0.00047138,0.028112,"All",2027
18.99,2075,0.036802,0.00061595,0.036186,0.019801,0.00032405,0.019477,0.028301,0.00047,0.027831,"All",2027
18.99,2076,0.036536,0.00061458,0.035921,0.019575,0.00032359,0.019251,0.028055,0.00046908,0.027586,"All",2027
18.99,2077,0.036318,0.00061326,0.035705,0.019355,0.00032312,0.019032,0.027836,0.00046819,0.027368,"All",2027
18.99,2078,0.036137,0.00060951,0.035528,0.01917,0.00032267,0.018848,0.027654,0.00046609,0.027188,"All",2027
18.99,2079,0.035998,0.0006099,0.035388,0.019012,0.00032303,0.018689,0.027505,0.00046646,0.027038,"All",2027
18.99,2080,0.035865,0.00061109,0.035253,0.018863,0.00032176,0.018541,0.027364,0.00046642,0.026897,"All",2027
18.99,2081,0.035746,0.00061068,0.035135,0.018741,0.00032051,0.018421,0.027243,0.00046559,0.026778,"All",2027
18.99,2082,0.035635,0.00060874,0.035026,0.018623,0.00032009,0.018303,0.027129,0.00046441,0.026665,"All",2027
18.99,2083,0.035546,0.00060594,0.03494,0.018519,0.00032047,0.018199,0.027033,0.0004632,0.026569,"All",2027
18.99,2084,0.035467,0.00060239,0.034864,0.018431,0.00032085,0.01811,0.026949,0.00046162,0.026487,"All",2027
18.99,2085,0.035386,0.00059728,0.034789,0.018353,0.00032042,0.018033,0.02687,0.00045885,0.026411,"All",2027
18.99,2086,0.035304,0.00059062,0.034714,0.018296,0.00031838,0.017977,0.0268,0.0004545,0.026345,"All",2027
18.99,2087,0.035235,0.00058639,0.034648,0.018229,0.00031796,0.017911,0.026732,0.00045218,0.026279,"All",2027
18.99,2088,0.035184,0.00058376,0.034601,0.018181,0.00031756,0.017864,0.026683,0.00045066,0.026232,"All",2027
18.99,2089,0.035145,0.00058039,0.034565,0.018139,0.00031796,0.017821,0.026642,0.00044917,0.026193,"All",2027
18.99,2090,0.035102,0.00057462,0.034528,0.018111,0.00031755,0.017794,0.026607,0.00044608,0.026161,"All",2027
18.99,2091,0.035055,0.00057127,0.034484,0.01809,0.00031632,0.017773,0.026573,0.0004438,0.026129,"All",2027
18.99,2092,0.035024,0.00056955,0.034454,0.018063,0.00031592,0.017747,0.026543,0.00044273,0.026101,"All",2027
18.99,2093,0.034993,0.00056862,0.034424,0.018046,0.00031552,0.01773,0.026519,0.00044207,0.026077,"All",2027
18.99,2094,0.034954,0.00056687,0.034387,0.01803,0.0003151,0.017715,0.026492,0.00044099,0.026051,"All",2027
18.99,2095,0.034919,0.0005636,0.034355,0.018005,0.00031472,0.017691,0.026462,0.00043916,0.026023,"All",2027
18.99,2096,0.034875,0.00056113,0.034314,0.017984,0.00031432,0.01767,0.026429,0.00043772,0.025992,"All",2027
18.99,2097,0.034836,0.0005602,0.034276,0.017972,0.00031312,0.017659,0.026404,0.00043666,0.025968,"All",2027
18.99,2098,0.034787,0.00056007,0.034227,0.017966,0.00031192,0.017655,0.026377,0.00043599,0.025941,"All",2027
18.99,2099,0.03475,0.00055997,0.03419,0.017965,0.00031231,0.017653,0.026357,0.00043614,0.025921,"All",2027
18.99,2100,0.034703,0.00055909,0.034144,0.017957,0.00031271,0.017645,0.02633,0.0004359,0.025894,"All",2027
26.34,2005,0.36637,0.36637,0,0.27482,0.27482,0,0.32059,0.32059,0,"All",2027
26.34,2006,0.36835,0.36835,0,0.27287,0.27287,0,0.32061,0.32061,0,"All",2027
26.34,2007,0.36865,0.36865,0,0.27068,0.27068,0,0.31967,0.31967,0,"All",2027
26.34,2008,0.3672,0.3672,0,0.26775,0.26775,0,0.31747,0.31747,0,"All",2027
26.34,2009,0.36378,0.36378,0,0.2639,0.2639,0,0.31384,0.31384,0,"All",2027
26.34,2010,0.35844,0.35844,0,0.25884,0.25884,0,0.30864,0.30864,0,"All",2027
26.34,2011,0.35176,0.35176,0,0.25229,0.25229,0,0.30203,0.30203,0,"All",2027
26.34,2012,0.34396,0.34396,0,0.24454,0.24454,0,0.29425,0.29425,0,"All",2027
26.34,2013,0.32997,0.32997,0,0.23161,0.23161,0,0.28079,0.28079,0,"All",2027
26.34,2014,0.31485,0.31485,0,0.21879,0.21879,0,0.26682,0.26682,0,"All",2027
26.34,2015,0.29928,0.29928,0,0.20666,0.20666,0,0.25297,0.25297,0,"All",2027
26.34,2016,0.28253,0.28253,0,0.19442,0.19442,0,0.23847,0.23847,0,"All",2027
26.34,2017,0.26497,0.26497,0,0.18189,0.18189,0,0.22343,0.22343,0,"All",2027
26.34,2018,0.24806,0.24806,0,0.16917,0.16917,0,0.20861,0.20861,0,"All",2027
26.34,2019,0.2304,0.2304,0,0.15621,0.15621,0,0.1933,0.1933,0,"All",2027
26.34,2020,0.21282,0.21282,0,0.14416,0.14416,0,0.17849,0.17849,0,"All",2027
26.34,2021,0.19497,0.19497,0,0.13223,0.13223,0,0.1636,0.1636,0,"All",2027
26.34,2022,0.17621,0.17621,0,0.12194,0.12194,0,0.14907,0.14907,0,"All",2027
26.34,2023,0.16037,0.16037,0,0.11197,0.11197,0,0.13617,0.13617,0,"All",2027
26.34,2024,0.14628,0.14628,0,0.10281,0.10281,0,0.12455,0.12455,0,"All",2027
26.34,2025,0.13357,0.13357,0,0.094254,0.094254,0,0.11391,0.11391,0,"All",2027
26.34,2026,0.1218,0.1218,0,0.086396,0.086396,0,0.1041,0.1041,0,"All",2027
26.34,2027,0.11186,0.074344,0.037514,0.079294,0.052986,0.026307,0.095576,0.063665,0.031911,"All",2027
26.34,2028,0.10303,0.046871,0.05616,0.072805,0.033434,0.039371,0.087918,0.040153,0.047765,"All",2027
26.34,2029,0.095971,0.030135,0.065836,0.066396,0.020794,0.045602,0.081183,0.025464,0.055719,"All",2027
26.34,2030,0.089711,0.019682,0.070029,0.061058,0.012997,0.048062,0.075385,0.016339,0.059045,"All",2027
26.34,2031,0.084267,0.012853,0.071415,0.055781,0.0079453,0.047836,0.070024,0.010399,0.059625,"All",2027
26.34,2032,0.079319,0.0084376,0.070881,0.05108,0.0049503,0.04613,0.0652,0.0066939,0.058506,"All",2027
26.34,2033,0.074993,0.0054849,0.069508,0.047144,0.0030835,0.044061,0.061069,0.0042842,0.056785,"All",2027
26.34,2034,0.071215,0.003716,0.067499,0.043961,0.001912,0.042049,0.057588,0.002814,0.054774,"All",2027
26.34,2035,0.069038,0.0024647,0.066573,0.041537,0.0012886,0.040249,0.055288,0.0018766,0.053411,"All",2027
26.34,2036,0.067205,0.0017477,0.065457,0.040194,0.00095269,0.039241,0.053699,0.0013502,0.052349,"All",2027
26.34,2037,0.066297,0.0013425,0.064955,0.039425,0.00068591,0.038739,0.052861,0.0010142,0.051847,"All",2027
26.34,2038,0.065447,0.0011199,0.064327,0.038922,0.0005278,0.038394,0.052184,0.00082386,0.05136,"All",2027
26.34,2039,0.06455,0.00098973,0.06356,0.038399,0.0005005,0.037898,0.051474,0.00074511,0.050729,"All",2027
26.34,2040,0.063991,0.00089811,0.063093,0.038123,0.00047966,0.037643,0.051057,0.00068889,0.050368,"All",2027
26.34,2041,0.063678,0.00083882,0.062839,0.038029,0.0004586,0.03757,0.050853,0.00064871,0.050204,"All",2027
26.34,2042,0.063533,0.00079942,0.062733,0.037932,0.00043776,0.037494,0.050733,0.00061859,0.050114,"All",2027
26.34,2043,0.063442,0.00075373,0.062689,0.037845,0.00043063,0.037414,0.050644,0.00059218,0.050051,"All",2027
26.34,2044,0.06343,0.00072726,0.062703,0.037827,0.00043047,0.037397,0.050628,0.00057887,0.05005,"All",2027
26.34,2045,0.063411,0.00074002,0.062671,0.037801,0.00043032,0.037371,0.050606,0.00058517,0.050021,"All",2027
26.34,2046,0.063374,0.00073974,0.062634,0.037788,0.00043016,0.037358,0.050581,0.00058495,0.049996,"All",2027
26.34,2047,0.063373,0.00078501,0.062588,0.037789,0.00043001,0.037359,0.050581,0.00060751,0.049973,"All",2027
26.34,2048,0.063354,0.00082369,0.06253,0.037796,0.00042294,0.037374,0.050575,0.00062332,0.049952,"All",2027
26.34,2049,0.063359,0.00082329,0.062536,0.037812,0.00042282,0.037389,0.050586,0.00062305,0.049962,"All",2027
26.34,2050,0.063345,0.00082318,0.062522,0.037821,0.0004227,0.037398,0.050583,0.00062294,0.04996,"All",2027
26.34,2051,0.063347,0.00080346,0.062543,0.037816,0.00042259,0.037393,0.050581,0.00061302,0.049968,"All",2027
26.34,2052,0.063332,0.0008031,0.062529,0.037813,0.0004225,0.037391,0.050572,0.0006128,0.04996,"All",2027
26.34,2053,0.06335,0.00079639,0.062553,0.037816,0.0004224,0.037394,0.050583,0.0006094,0.049974,"All",2027
26.34,2054,0.063354,0.00078946,0.062564,0.037835,0.00042232,0.037412,0.050594,0.00060589,0.049988,"All",2027
26.34,2055,0.063353,0.00080855,0.062545,0.037845,0.00042222,0.037423,0.050599,0.00061539,0.049984,"All",2027
26.34,2056,0.063362,0.00078865,0.062574,0.037864,0.00042213,0.037441,0.050613,0.00060539,0.050008,"All",2027
26.34,2057,0.063379,0.00078831,0.062591,0.037875,0.00041527,0.03746,0.050627,0.00060179,0.050025,"All",2027
26.34,2058,0.063378,0.00080086,0.062577,0.037881,0.00041519,0.037466,0.050629,0.00060803,0.050021,"All",2027
26.34,2059,0.063391,0.00080703,0.062584,0.037873,0.00041509,0.037458,0.050632,0.00061106,0.050021,"All",2027
26.34,2060,0.063406,0.0008068,0.062599,0.037879,0.000415,0.037464,0.050642,0.0006109,0.050031,"All",2027
26.34,2061,0.063441,0.00081315,0.062628,0.037911,0.00042166,0.037489,0.050676,0.0006174,0.050059,"All",2027
26.34,2062,0.063483,0.00082583,0.062657,0.037917,0.00042157,0.037495,0.0507,0.0006237,0.050076,"All",2027
26.34,2063,0.063513,0.00081913,0.062694,0.037929,0.00042147,0.037507,0.050721,0.0006203,0.050101,"All",2027
26.34,2064,0.063552,0.00081886,0.062733,0.037927,0.00042139,0.037506,0.05074,0.00062012,0.05012,"All",2027
26.34,2065,0.063568,0.00081848,0.062749,0.037934,0.00040772,0.037526,0.050751,0.0006131,0.050138,"All",2027
26.34,2066,0.063575,0.00081193,0.062763,0.03794,0.00040764,0.037533,0.050758,0.00060979,0.050148,"All",2027
26.34,2067,0.06356,0.00082465,0.062735,0.03794,0.00040756,0.037532,0.05075,0.00061611,0.050134,"All",2027
26.34,2068,0.063603,0.00084351,0.062759,0.037953,0.00040748,0.037545,0.050778,0.0006255,0.050152,"All",2027
26.34,2069,0.063658,0.00085605,0.062802,0.037965,0.00040742,0.037558,0.050812,0.00063174,0.05018,"All",2027
26.34,2070,0.063709,0.00088133,0.062828,0.037952,0.00040736,0.037545,0.05083,0.00064434,0.050186,"All",2027
26.34,2071,0.063739,0.00089373,0.062845,0.037919,0.0004073,0.037512,0.050829,0.00065051,0.050178,"All",2027
26.34,2072,0.063758,0.00089969,0.062858,0.037886,0.00040723,0.037479,0.050822,0.00065346,0.050169,"All",2027
26.34,2073,0.063803,0.00091214,0.06289,0.037868,0.00040716,0.037461,0.050835,0.00065965,0.050175,"All",2027
26.34,2074,0.063867,0.00091834,0.062948,0.037837,0.00040711,0.037429,0.050852,0.00066273,0.050189,"All",2027
26.34,2075,0.063936,0.00092428,0.063011,0.037806,0.00040706,0.037399,0.050871,0.00066567,0.050205,"All",2027
26.34,2076,0.063995,0.00091121,0.063084,0.037782,0.00040703,0.037375,0.050889,0.00065912,0.050229,"All",2027
26.34,2077,0.064074,0.00089818,0.063175,0.037752,0.00040701,0.037345,0.050913,0.00065259,0.05026,"All",2027
26.34,2078,0.064108,0.00088515,0.063223,0.037715,0.00040699,0.037308,0.050912,0.00064607,0.050265,"All",2027
26.34,2079,0.064097,0.00087853,0.063219,0.037699,0.00040699,0.037292,0.050898,0.00064276,0.050255,"All",2027
26.34,2080,0.064086,0.00087831,0.063208,0.037697,0.00040023,0.037297,0.050891,0.00063927,0.050252,"All",2027
26.34,2081,0.064074,0.00088453,0.06319,0.037701,0.00039346,0.037308,0.050888,0.000639,0.050249,"All",2027
26.34,2082,0.064064,0.00089722,0.063167,0.037704,0.00039343,0.037311,0.050884,0.00064532,0.050239,"All",2027
26.34,2083,0.064055,0.00090993,0.063145,0.037693,0.00039339,0.0373,0.050874,0.00065166,0.050223,"All",2027
26.34,2084,0.064062,0.00090983,0.063152,0.037695,0.00039335,0.037302,0.050878,0.00065159,0.050227,"All",2027
26.34,2085,0.06408,0.00090345,0.063176,0.03769,0.0003933,0.037297,0.050885,0.00064837,0.050236,"All",2027
26.34,2086,0.064084,0.00089709,0.063186,0.037692,0.00039325,0.037299,0.050888,0.00064517,0.050243,"All",2027
26.34,2087,0.064086,0.00088417,0.063202,0.037689,0.00039321,0.037295,0.050887,0.00063869,0.050248,"All",2027
26.34,2088,0.064069,0.00085847,0.06321,0.037685,0.00039317,0.037292,0.050877,0.00062582,0.050251,"All",2027
26.34,2089,0.064064,0.00085192,0.063212,0.037681,0.00039312,0.037287,0.050872,0.00062252,0.05025,"All",2027
26.34,2090,0.064083,0.00082626,0.063257,0.03769,0.00039992,0.03729,0.050887,0.00061309,0.050274,"All",2027
26.34,2091,0.064073,0.0008132,0.06326,0.0377,0.00039303,0.037307,0.050886,0.00060311,0.050283,"All",2027
26.34,2092,0.064032,0.00080661,0.063226,0.037697,0.000393,0.037304,0.050865,0.0005998,0.050265,"All",2027
26.34,2093,0.063968,0.00080024,0.063168,0.03768,0.00039297,0.037287,0.050824,0.00059661,0.050228,"All",2027
26.34,2094,0.063922,0.00078102,0.063141,0.037678,0.00039295,0.037285,0.0508,0.00058699,0.050213,"All",2027
26.34,2095,0.063883,0.00076804,0.063115,0.037675,0.00039294,0.037282,0.050779,0.00058049,0.050199,"All",2027
26.34,2096,0.063843,0.00076158,0.063081,0.037672,0.00039291,0.03728,0.050758,0.00057725,0.05018,"All",2027
26.34,2097,0.063829,0.00077413,0.063055,0.037663,0.00039289,0.03727,0.050746,0.00058351,0.050163,"All",2027
26.34,2098,0.063815,0.00078037,0.063035,0.037661,0.00039287,0.037269,0.050738,0.00058662,0.050152,"All",2027
26.34,2099,0.063764,0.0007867,0.062978,0.037653,0.00039286,0.03726,0.050709,0.00058978,0.050119,"All",2027
26.34,2100,0.063702,0.00078033,0.062922,0.037637,0.00039283,0.037244,0.05067,0.00058658,0.050083,"All",2027
35.49,2005,0.35575,0.35575,0,0.30931,0.30931,0,0.33253,0.33253,0,"All",2027
35.49,2006,0.34274,0.34274,0,0.2993,0.2993,0,0.32102,0.32102,0,"All",2027
35.49,2007,0.33042,0.33042,0,0.28874,0.28874,0,0.30958,0.30958,0,"All",2027
35.49,2008,0.31883,0.31883,0,0.27798,0.27798,0,0.29841,0.29841,0,"All",2027
35.49,2009,0.30836,0.30836,0,0.26732,0.26732,0,0.28784,0.28784,0,"All",2027
35.49,2010,0.29912,0.29912,0,0.2571,0.2571,0,0.27811,0.27811,0,"All",2027
35.49,2011,0.29097,0.29097,0,0.24736,0.24736,0,0.26917,0.26917,0,"All",2027
35.49,2012,0.28399,0.28399,0,0.23843,0.23843,0,0.26121,0.26121,0,"All",2027
35.49,2013,0.27522,0.27522,0,0.22799,0.22799,0,0.25161,0.25161,0,"All",2027
35.49,2014,0.26703,0.26703,0,0.21816,0.21816,0,0.24259,0.24259,0,"All",2027
35.49,2015,0.25978,0.25978,0,0.2094,0.2094,0,0.23459,0.23459,0,"All",2027
35.49,2016,0.25253,0.25253,0,0.20092,0.20092,0,0.22672,0.22672,0,"All",2027
35.49,2017,0.24425,0.24425,0,0.19249,0.19249,0,0.21837,0.21837,0,"All",2027
35.49,2018,0.24351,0.24351,0,0.1838,0.1838,0,0.21366,0.21366,0,"All",2027
35.49,2019,0.24189,0.24189,0,0.17548,0.17548,6.8866e-07,0.20868,0.20868,3.4433e-07,"All",2027
35.49,2020,0.2402,0.2402,0,0.16772,0.16772,1.3134e-06,0.20396,0.20396,6.567e-07,"All",2027
35.49,2021,0.23792,0.23792,0,0.15981,0.15981,1.2495e-06,0.19886,0.19886,6.2475e-07,"All",2027
35.49,2022,0.23481,0.23481,0,0.15215,0.15215,1.1917e-06,0.19348,0.19348,5.9586e-07,"All",2027
35.49,2023,0.23088,0.23088,0,0.14478,0.14477,5.706e-07,0.18783,0.18783,2.853e-07,"All",2027
35.49,2024,0.22646,0.22646,0,0.13796,0.13796,0,0.18221,0.18221,0,"All",2027
35.49,2025,0.2205,0.2205,0,0.13103,0.13103,0,0.17576,0.17576,0,"All",2027
35.49,2026,0.2137,0.2137,0,0.12403,0.12403,0,0.16886,0.16886,0,"All",2027
35.49,2027,0.2052,0.1258,0.079402,0.11713,0.075017,0.042111,0.16117,0.10041,0.060756,"All",2027
35.49,2028,0.19598,0.081586,0.11439,0.10981,0.048448,0.061365,0.1529,0.065017,0.087879,"All",2027
35.49,2029,0.18607,0.05265,0.13342,0.10257,0.031222,0.071351,0.14432,0.041936,0.10239,"All",2027
35.49,2030,0.17548,0.033862,0.14162,0.095329,0.020331,0.074999,0.13541,0.027096,0.10831,"All",2027
35.49,2031,0.16496,0.021419,0.14354,0.088711,0.013224,0.075487,0.12683,0.017321,0.10951,"All",2027
35.49,2032,0.15452,0.013575,0.14094,0.082696,0.0086348,0.074061,0.11861,0.011105,0.1075,"All",2027
35.49,2033,0.14475,0.0085483,0.1362,0.076957,0.0055033,0.071453,0.11085,0.0070258,0.10383,"All",2027
35.49,2034,0.13526,0.0054571,0.12981,0.071377,0.0035195,0.067857,0.10332,0.0044883,0.098831,"All",2027
35.49,2035,0.12567,0.0035251,0.12215,0.06602,0.002262,0.063758,0.095848,0.0028935,0.092954,"All",2027
35.49,2036,0.11625,0.0023485,0.1139,0.060834,0.0014877,0.059347,0.088541,0.0019181,0.086623,"All",2027
35.49,2037,0.10685,0.0016045,0.10525,0.056019,0.0010314,0.054987,0.081436,0.001318,0.080118,"All",2027
35.49,2038,0.098523,0.0010846,0.097438,0.051512,0.0007026,0.050809,0.075017,0.0008936,0.074124,"All",2027
35.49,2039,0.090922,0.00070146,0.09022,0.047531,0.00041981,0.047111,0.069226,0.00056063,0.068665,"All",2027
35.49,2040,0.084016,0.00047928,0.083537,0.043692,0.00025825,0.043434,0.063854,0.00036876,0.063485,"All",2027
35.49,2041,0.077844,0.00034523,0.077499,0.040405,0.00015548,0.040249,0.059125,0.00025035,0.058874,"All",2027
35.49,2042,0.072611,0.00023356,0.072378,0.037572,9.1952e-05,0.03748,0.055091,0.00016276,0.054929,"All",2027
35.49,2043,0.068251,0.00015233,0.068099,0.035223,6.0198e-05,0.035163,0.051737,0.00010626,0.051631,"All",2027
35.49,2044,0.064643,0.00011362,0.064529,0.03327,4.0243e-05,0.03323,0.048957,7.6931e-05,0.04888,"All",2027
35.49,2045,0.06157,9.4201e-05,0.061476,0.031676,2.02e-05,0.031656,0.046623,5.7201e-05,0.046566,"All",2027
35.49,2046,0.058986,7.8685e-05,0.058907,0.030184,1.6113e-05,0.030168,0.044585,4.7399e-05,0.044538,"All",2027
35.49,2047,0.056777,7.4813e-05,0.056703,0.028769,1.2013e-05,0.028757,0.042773,4.3413e-05,0.04273,"All",2027
35.49,2048,0.054711,6.6965e-05,0.054644,0.027583,1.2014e-05,0.027571,0.041147,3.949e-05,0.041108,"All",2027
35.49,2049,0.053051,6.6902e-05,0.052984,0.026501,1.2028e-05,0.026489,0.039776,3.9465e-05,0.039737,"All",2027
35.49,2050,0.051986,6.2963e-05,0.051923,0.025769,1.2025e-05,0.025757,0.038878,3.7494e-05,0.03884,"All",2027
35.49,2051,0.051158,5.8953e-05,0.051099,0.025246,1.2021e-05,0.025234,0.038202,3.5487e-05,0.038166,"All",2027
35.49,2052,0.050699,5.1069e-05,0.050648,0.024975,1.2013e-05,0.024963,0.037837,3.1541e-05,0.037805,"All",2027
35.49,2053,0.050168,4.7071e-05,0.050121,0.024844,1.2004e-05,0.024832,0.037506,2.9537e-05,0.037476,"All",2027
35.49,2054,0.049779,4.3064e-05,0.049735,0.024753,1.1992e-05,0.024741,0.037266,2.7528e-05,0.037238,"All",2027
35.49,2055,0.049525,3.9082e-05,0.049486,0.024751,1.1987e-05,0.024739,0.037138,2.5534e-05,0.037113,"All",2027
35.49,2056,0.049356,4.297e-05,0.049313,0.024821,1.1982e-05,0.024809,0.037088,2.7476e-05,0.037061,"All",2027
35.49,2057,0.049257,4.2868e-05,0.049214,0.024844,1.1978e-05,0.024832,0.03705,2.7423e-05,0.037023,"All",2027
35.49,2058,0.049222,4.2849e-05,0.04918,0.024834,1.1972e-05,0.024822,0.037028,2.741e-05,0.037001,"All",2027
35.49,2059,0.049218,4.2824e-05,0.049175,0.024822,1.1969e-05,0.02481,0.03702,2.7397e-05,0.036992,"All",2027
35.49,2060,0.0492,4.2801e-05,0.049157,0.024809,1.1966e-05,0.024797,0.037004,2.7383e-05,0.036977,"All",2027
35.49,2061,0.049184,4.2777e-05,0.049141,0.024793,1.1962e-05,0.024781,0.036988,2.7369e-05,0.036961,"All",2027
35.49,2062,0.049151,3.8914e-05,0.049112,0.024784,1.1958e-05,0.024772,0.036967,2.5436e-05,0.036942,"All",2027
35.49,2063,0.049117,3.5033e-05,0.049082,0.024787,1.1955e-05,0.024775,0.036952,2.3494e-05,0.036929,"All",2027
35.49,2064,0.049112,3.1157e-05,0.049081,0.024791,1.1953e-05,0.024779,0.036952,2.1555e-05,0.03693,"All",2027
35.49,2065,0.049098,3.1139e-05,0.049067,0.024794,1.1952e-05,0.024782,0.036946,2.1545e-05,0.036925,"All",2027
35.49,2066,0.049115,3.8848e-05,0.049076,0.024802,1.195e-05,0.02479,0.036958,2.5399e-05,0.036933,"All",2027
35.49,2067,0.04914,4.2712e-05,0.049098,0.024811,1.1948e-05,0.024799,0.036976,2.733e-05,0.036948,"All",2027
35.49,2068,0.049153,4.6559e-05,0.049106,0.024823,1.1945e-05,0.024811,0.036988,2.9252e-05,0.036959,"All",2027
35.49,2069,0.049151,3.8824e-05,0.049112,0.024832,1.194e-05,0.02482,0.036992,2.5382e-05,0.036966,"All",2027
35.49,2070,0.049164,3.4922e-05,0.049129,0.024845,1.1935e-05,0.024833,0.037005,2.3429e-05,0.036981,"All",2027
35.49,2071,0.049185,3.4902e-05,0.04915,0.024863,1.1929e-05,0.024851,0.037024,2.3416e-05,0.037001,"All",2027
35.49,2072,0.049202,3.8776e-05,0.049163,0.024875,1.1924e-05,0.024863,0.037038,2.535e-05,0.037013,"All",2027
35.49,2073,0.049204,3.4864e-05,0.049169,0.024888,1.1919e-05,0.024876,0.037046,2.3392e-05,0.037023,"All",2027
35.49,2074,0.049195,3.4847e-05,0.04916,0.024901,1.1915e-05,0.024889,0.037048,2.3381e-05,0.037025,"All",2027
35.49,2075,0.049201,3.0974e-05,0.049171,0.024914,1.191e-05,0.024902,0.037058,2.1442e-05,0.037036,"All",2027
35.49,2076,0.049225,3.0959e-05,0.049194,0.02493,1.1908e-05,0.024918,0.037078,2.1434e-05,0.037056,"All",2027
35.49,2077,0.049262,3.4775e-05,0.049228,0.024947,1.1904e-05,0.024935,0.037105,2.3339e-05,0.037082,"All",2027
35.49,2078,0.049318,3.8585e-05,0.04928,0.024949,1.19e-05,0.024937,0.037134,2.5243e-05,0.037109,"All",2027
35.49,2079,0.049377,4.2395e-05,0.049335,0.024947,1.1896e-05,0.024935,0.037162,2.7146e-05,0.037135,"All",2027
35.49,2080,0.049444,4.6182e-05,0.049398,0.024936,1.1891e-05,0.024924,0.03719,2.9036e-05,0.037161,"All",2027
35.49,2081,0.049487,4.9969e-05,0.049437,0.024914,1.1887e-05,0.024902,0.0372,3.0928e-05,0.037169,"All",2027
35.49,2082,0.049508,4.614e-05,0.049462,0.024903,1.1883e-05,0.024891,0.037205,2.9011e-05,0.037176,"All",2027
35.49,2083,0.04954,4.2277e-05,0.049497,0.024893,1.5856e-05,0.024877,0.037216,2.9066e-05,0.037187,"All",2027
35.49,2084,0.04956,3.8441e-05,0.049521,0.024883,1.585e-05,0.024867,0.037221,2.7145e-05,0.037194,"All",2027
35.49,2085,0.049552,3.461e-05,0.049517,0.024873,1.5845e-05,0.024857,0.037212,2.5228e-05,0.037187,"All",2027
35.49,2086,0.049537,3.4598e-05,0.049502,0.024868,1.5842e-05,0.024852,0.037202,2.522e-05,0.037177,"All",2027
35.49,2087,0.049546,3.4584e-05,0.049511,0.024867,1.5839e-05,0.024851,0.037206,2.5211e-05,0.037181,"All",2027
35.49,2088,0.04957,3.837e-05,0.049532,0.02487,1.5836e-05,0.024854,0.03722,2.7103e-05,0.037193,"All",2027
35.49,2089,0.049583,3.4556e-05,0.049548,0.024869,1.5833e-05,0.024853,0.037226,2.5195e-05,0.0372,"All",2027
35.49,2090,0.049588,3.4541e-05,0.049553,0.024867,1.5831e-05,0.024852,0.037228,2.5186e-05,0.037202,"All",2027
35.49,2091,0.049587,3.4527e-05,0.049553,0.024862,1.5826e-05,0.024846,0.037224,2.5177e-05,0.037199,"All",2027
35.49,2092,0.049607,3.4512e-05,0.049572,0.024853,1.5822e-05,0.024837,0.03723,2.5167e-05,0.037204,"All",2027
35.49,2093,0.049626,3.8297e-05,0.049588,0.024848,1.5819e-05,0.024832,0.037237,2.7058e-05,0.03721,"All",2027
35.49,2094,0.049634,4.2083e-05,0.049592,0.024843,1.5817e-05,0.024828,0.037239,2.895e-05,0.03721,"All",2027
35.49,2095,0.049628,3.8269e-05,0.04959,0.02484,1.5816e-05,0.024824,0.037234,2.7042e-05,0.037207,"All",2027
35.49,2096,0.049629,3.4455e-05,0.049594,0.024836,1.5815e-05,0.02482,0.037232,2.5135e-05,0.037207,"All",2027
35.49,2097,0.049619,3.4444e-05,0.049585,0.024837,1.5814e-05,0.024821,0.037228,2.5129e-05,0.037203,"All",2027
35.49,2098,0.049599,3.8245e-05,0.049561,0.024833,1.5813e-05,0.024817,0.037216,2.7029e-05,0.037189,"All",2027
35.49,2099,0.049593,3.8233e-05,0.049555,0.024833,1.5812e-05,0.024817,0.037213,2.7022e-05,0.037186,"All",2027
35.49,2100,0.049604,3.822e-05,0.049566,0.024834,1.5812e-05,0.024818,0.037219,2.7016e-05,0.037192,"All",2027
50.64,2005,0.34686,0.34686,0,0.26657,0.26657,0,0.30672,0.30672,0,"All",2027
50.64,2006,0.34307,0.34307,0,0.26603,0.26603,0,0.30455,0.30455,0,"All",2027
50.64,2007,0.33894,0.33894,0,0.26575,0.26575,0,0.30234,0.30234,0,"All",2027
50.64,2008,0.33441,0.33441,0,0.26552,0.26552,0,0.29997,0.29997,0,"All",2027
50.64,2009,0.32929,0.32929,0,0.26521,0.26521,0,0.29725,0.29725,0,"All",2027
50.64,2010,0.32326,0.32326,0,0.2645,0.2645,0,0.29388,0.29388,0,"All",2027
50.64,2011,0.31634,0.31634,0,0.26325,0.26325,0,0.28979,0.28979,0,"All",2027
50.64,2012,0.30834,0.30834,0,0.26128,0.26128,0,0.28481,0.28481,0,"All",2027
50.64,2013,0.29684,0.29684,0,0.2564,0.2564,0,0.27662,0.27662,0,"All",2027
50.64,2014,0.28472,0.28472,0,0.25091,0.25091,0,0.26782,0.26782,0,"All",2027
50.64,2015,0.27239,0.27239,0,0.24487,0.24487,0,0.25863,0.25863,0,"All",2027
50.64,2016,0.2593,0.2593,0,0.23792,0.23791,9.1275e-07,0.24861,0.24861,4.5637e-07,"All",2027
50.64,2017,0.24518,0.24518,-1.1051e-06,0.22971,0.22971,8.7644e-07,0.23745,0.23745,-1.1433e-07,"All",2027
50.64,2018,0.23154,0.23154,-1.0366e-06,0.2216,0.2216,8.3944e-07,0.22657,0.22657,-9.8603e-08,"All",2027
50.64,2019,0.21847,0.21847,-1.9172e-06,0.2127,0.2127,0,0.21559,0.21559,-9.586e-07,"All",2027
50.64,2020,0.20626,0.20626,-1.7957e-06,0.20397,0.20397,8.1251e-07,0.20511,0.20512,-4.916e-07,"All",2027
50.64,2021,0.19498,0.19498,-1.6821e-06,0.19471,0.19471,7.693e-07,0.19484,0.19484,-4.5642e-07,"All",2027
50.64,2022,0.18459,0.1846,-1.5828e-06,0.18539,0.18539,-4.774e-08,0.18499,0.18499,-8.1526e-07,"All",2027
50.64,2023,0.17533,0.17533,-7.5109e-07,0.17567,0.17567,6.9322e-07,0.1755,0.1755,-2.8933e-08,"All",2027
50.64,2024,0.16748,0.16748,-7.1571e-07,0.16621,0.16621,2.0367e-06,0.16685,0.16685,6.6049e-07,"All",2027
50.64,2025,0.16127,0.16127,-6.8588e-07,0.15726,0.15726,1.9284e-06,0.15927,0.15926,6.2128e-07,"All",2027
50.64,2026,0.15632,0.15632,-6.6413e-07,0.14915,0.14914,1.2425e-06,0.15273,0.15273,2.8919e-07,"All",2027
50.64,2027,0.15275,0.086277,0.066474,0.14146,0.080356,0.061108,0.14711,0.083317,0.063791,"All",2027
50.64,2028,0.15059,0.058791,0.091801,0.13451,0.05229,0.082222,0.14255,0.055541,0.087011,"All",2027
50.64,2029,0.14921,0.040296,0.10891,0.12801,0.034101,0.093912,0.13861,0.037199,0.10141,"All",2027
50.64,2030,0.14839,0.027757,0.12063,0.12205,0.022253,0.099801,0.13522,0.025005,0.11022,"All",2027
50.64,2031,0.14812,0.019198,0.12893,0.11641,0.014731,0.10168,0.13227,0.016964,0.1153,"All",2027
50.64,2032,0.14803,0.013268,0.13477,0.11094,0.0096829,0.10126,0.12949,0.011475,0.11801,"All",2027
50.64,2033,0.14732,0.0089558,0.13836,0.10579,0.0063789,0.099411,0.12655,0.0076674,0.11889,"All",2027
50.64,2034,0.14639,0.0061004,0.14029,0.10113,0.0042677,0.096867,0.12376,0.0051841,0.11858,"All",2027
50.64,2035,0.14543,0.0041591,0.14127,0.096688,0.0028272,0.093861,0.12106,0.0034931,0.11757,"All",2027
50.64,2036,0.1441,0.0028542,0.14124,0.092482,0.0019025,0.09058,0.11829,0.0023784,0.11591,"All",2027
50.64,2037,0.14238,0.0019011,0.14048,0.088325,0.0012869,0.087038,0.11535,0.001594,0.11376,"All",2027
50.64,2038,0.1399,0.0012558,0.13865,0.084362,0.00081007,0.083552,0.11213,0.001033,0.1111,"All",2027
50.64,2039,0.13702,0.00087596,0.13614,0.080416,0.00056571,0.07985,0.10872,0.00072084,0.108,"All",2027
50.64,2040,0.13343,0.00060455,0.13282,0.076425,0.00041239,0.076013,0.10493,0.00050847,0.10442,"All",2027
50.64,2041,0.12912,0.00037724,0.12874,0.072246,0.0002826,0.071963,0.10068,0.00032992,0.10035,"All",2027
50.64,2042,0.12361,0.00025364,0.12335,0.067952,0.00020809,0.067744,0.095779,0.00023086,0.095548,"All",2027
50.64,2043,0.11752,0.0001741,0.11735,0.063608,0.00014932,0.063458,0.090564,0.00016171,0.090402,"All",2027
50.64,2044,0.11095,0.00010288,0.11085,0.059396,8.2691e-05,0.059313,0.085172,9.2785e-05,0.085079,"All",2027
50.64,2045,0.10451,5.9274e-05,0.10445,0.055414,3.5479e-05,0.055379,0.079961,4.7376e-05,0.079914,"All",2027
50.64,2046,0.097978,3.5618e-05,0.097943,0.051625,2.3774e-05,0.051602,0.074802,2.9696e-05,0.074772,"All",2027
50.64,2047,0.091587,2.3636e-05,0.091563,0.048219,1.5853e-05,0.048203,0.069903,1.9745e-05,0.069883,"All",2027
50.64,2048,0.085427,1.9604e-05,0.085407,0.04488,7.8926e-06,0.044872,0.065154,1.3748e-05,0.06514,"All",2027
50.64,2049,0.07952,1.1705e-05,0.079509,0.041772,0,0.041772,0.060646,5.8525e-06,0.06064,"All",2027
50.64,2050,0.073551,7.7985e-06,0.073544,0.03876,0,0.03876,0.056156,3.8992e-06,0.056152,"All",2027
50.64,2051,0.067932,3.9008e-06,0.067928,0.035946,0,0.035946,0.051939,1.9504e-06,0.051937,"All",2027
50.64,2052,0.062529,0,0.062529,0.033306,0,0.033306,0.047918,0,0.047918,"All",2027
50.64,2053,0.057646,0,0.057646,0.030601,0,0.030601,0.044123,0,0.044123,"All",2027
50.64,2054,0.053433,0,0.053433,0.028213,0,0.028213,0.040823,0,0.040823,"All",2027
50.64,2055,0.049628,0,0.049628,0.025858,0,0.025858,0.037743,0,0.037743,"All",2027
50.64,2056,0.04616,0,0.04616,0.023773,0,0.023773,0.034966,0,0.034966,"All",2027
50.64,2057,0.043384,0,0.043384,0.022002,0,0.022002,0.032693,0,0.032693,"All",2027
50.64,2058,0.040816,0,0.040816,0.02065,0,0.02065,0.030733,0,0.030733,"All",2027
50.64,2059,0.038881,0,0.038881,0.019536,0,0.019536,0.029209,0,0.029209,"All",2027
50.64,2060,0.037435,0,0.037435,0.018562,0,0.018562,0.027999,0,0.027999,"All",2027
50.64,2061,0.03617,0,0.03617,0.017605,0,0.017605,0.026888,0,0.026888,"All",2027
50.64,2062,0.035117,0,0.035117,0.016739,0,0.016739,0.025928,0,0.025928,"All",2027
50.64,2063,0.034057,0,0.034057,0.015868,0,0.015868,0.024963,0,0.024963,"All",2027
50.64,2064,0.033181,0,0.033181,0.01522,0,0.01522,0.0242,0,0.0242,"All",2027
50.64,2065,0.032406,0,0.032406,0.014753,0,0.014753,0.02358,0,0.02358,"All",2027
50.64,2066,0.031904,0,0.031904,0.014439,0,0.014439,0.023171,0,0.023171,"All",2027
50.64,2067,0.031792,0,0.031792,0.014301,0,0.014301,0.023047,0,0.023047,"All",2027
50.64,2068,0.031683,0,0.031683,0.014289,0,0.014289,0.022986,0,0.022986,"All",2027
50.64,2069,0.03153,0,0.03153,0.014305,0,0.014305,0.022918,0,0.022918,"All",2027
50.64,2070,0.031438,0,0.031438,0.014339,0,0.014339,0.022888,0,0.022888,"All",2027
50.64,2071,0.031427,0,0.031427,0.014361,0,0.014361,0.022894,0,0.022894,"All",2027
50.64,2072,0.031399,0,0.031399,0.014386,0,0.014386,0.022892,0,0.022892,"All",2027
50.64,2073,0.031389,0,0.031389,0.014391,0,0.014391,0.02289,0,0.02289,"All",2027
50.64,2074,0.031437,0,0.031437,0.014407,0,0.014407,0.022922,0,0.022922,"All",2027
50.64,2075,0.031504,0,0.031504,0.014407,0,0.014407,0.022956,0,0.022956,"All",2027
50.64,2076,0.031537,0,0.031537,0.014424,0,0.014424,0.022981,0,0.022981,"All",2027
50.64,2077,0.031559,0,0.031559,0.014428,0,0.014428,0.022994,0,0.022994,"All",2027
50.64,2078,0.031577,0,0.031577,0.01444,0,0.01444,0.023009,0,0.023009,"All",2027
50.64,2079,0.031603,0,0.031603,0.014464,0,0.014464,0.023034,0,0.023034,"All",2027
50.64,2080,0.031614,0,0.031614,0.014488,0,0.014488,0.023051,0,0.023051,"All",2027
50.64,2081,0.031668,0,0.031668,0.014516,0,0.014516,0.023092,0,0.023092,"All",2027
50.64,2082,0.031707,0,0.031707,0.014541,0,0.014541,0.023124,0,0.023124,"All",2027
50.64,2083,0.031742,0,0.031742,0.014565,0,0.014565,0.023153,0,0.023153,"All",2027
50.64,2084,0.031756,0,0.031756,0.014585,0,0.014585,0.02317,0,0.02317,"All",2027
50.64,2085,0.031769,0,0.031769,0.014585,0,0.014585,0.023177,0,0.023177,"All",2027
50.64,2086,0.031795,0,0.031795,0.014589,0,0.014589,0.023192,0,0.023192,"All",2027
50.64,2087,0.031783,0,0.031783,0.014593,0,0.014593,0.023188,0,0.023188,"All",2027
50.64,2088,0.03177,0,0.03177,0.014602,0,0.014602,0.023186,0,0.023186,"All",2027
50.64,2089,0.031767,0,0.031767,0.014615,0,0.014615,0.023191,0,0.023191,"All",2027
50.64,2090,0.031764,0,0.031764,0.014619,0,0.014619,0.023191,0,0.023191,"All",2027
50.64,2091,0.031757,0,0.031757,0.014619,0,0.014619,0.023188,0,0.023188,"All",2027
50.64,2092,0.031755,0,0.031755,0.01462,0,0.01462,0.023188,0,0.023188,"All",2027
50.64,2093,0.031761,0,0.031761,0.014617,0,0.014617,0.023189,0,0.023189,"All",2027
50.64,2094,0.031773,0,0.031773,0.014618,0,0.014618,0.023195,0,0.023195,"All",2027
50.64,2095,0.031777,0,0.031777,0.014626,0,0.014626,0.023202,0,0.023202,"All",2027
50.64,2096,0.031771,0,0.031771,0.014627,0,0.014627,0.023199,0,0.023199,"All",2027
50.64,2097,0.031764,0,0.031764,0.014627,0,0.014627,0.023196,0,0.023196,"All",2027
50.64,2098,0.031746,0,0.031746,0.014632,0,0.014632,0.023189,0,0.023189,"All",2027
50.64,2099,0.031751,0,0.031751,0.014638,0,0.014638,0.023194,0,0.023194,"All",2027
50.64,2100,0.03173,0,0.03173,0.014644,0,0.014644,0.023187,0,0.023187,"All",2027
65.99,2005,0.19089,0.19089,0,0.1504,0.1504,0,0.17064,0.17064,0,"All",2027
65.99,2006,0.18935,0.18935,0,0.15003,0.15003,0,0.16969,0.16969,0,"All",2027
65.99,2007,0.18754,0.18754,0,0.14931,0.14931,0,0.16843,0.16843,0,"All",2027
65.99,2008,0.18546,0.18546,0,0.14813,0.14813,0,0.16679,0.16679,0,"All",2027
65.99,2009,0.18291,0.18291,0,0.14655,0.14655,0,0.16473,0.16473,0,"All",2027
65.99,2010,0.18017,0.18017,0,0.14481,0.14481,0,0.16249,0.16249,0,"All",2027
65.99,2011,0.17698,0.17698,0,0.14258,0.14258,0,0.15978,0.15978,0,"All",2027
65.99,2012,0.17377,0.17377,0,0.14014,0.14014,0,0.15696,0.15696,0,"All",2027
65.99,2013,0.16944,0.16944,0,0.13669,0.13669,0,0.15306,0.15306,0,"All",2027
65.99,2014,0.16493,0.16493,0,0.13323,0.13323,0,0.14908,0.14908,0,"All",2027
65.99,2015,0.16072,0.16072,0,0.13,0.13,0,0.14536,0.14536,0,"All",2027
65.99,2016,0.15659,0.15659,0,0.12706,0.12706,0,0.14183,0.14183,0,"All",2027
65.99,2017,0.15264,0.15264,7.3839e-07,0.12421,0.12421,4.5311e-07,0.13843,0.13843,5.9575e-07,"All",2027
65.99,2018,0.14865,0.14864,1.4266e-06,0.12315,0.12315,4.4553e-07,0.1359,0.1359,9.3608e-07,"All",2027
65.99,2019,0.14476,0.14476,1.3726e-06,0.12239,0.12239,7.3339e-07,0.13357,0.13357,1.053e-06,"All",2027
65.99,2020,0.14149,0.14149,2.4886e-06,0.12214,0.12214,1.0856e-06,0.13182,0.13182,1.7871e-06,"All",2027
65.99,2021,0.1383,0.1383,2.3415e-06,0.12162,0.12162,2.1935e-06,0.12996,0.12996,2.2675e-06,"All",2027
65.99,2022,0.13488,0.13488,1.6471e-06,0.12098,0.12098,1.054e-06,0.12793,0.12793,1.3505e-06,"All",2027
65.99,2023,0.13127,0.13127,1.5919e-06,0.12067,0.12067,6.7597e-07,0.12597,0.12597,1.1339e-06,"All",2027
65.99,2024,0.12717,0.12716,2.031e-06,0.12021,0.12021,1.007e-06,0.12369,0.12369,1.519e-06,"All",2027
65.99,2025,0.12298,0.12297,1.9386e-06,0.1193,0.1193,1.3769e-06,0.12114,0.12113,1.6578e-06,"All",2027
65.99,2026,0.11871,0.11871,1.384e-06,0.11825,0.11825,1.406e-06,0.11848,0.11848,1.395e-06,"All",2027
65.99,2027,0.11415,0.059917,0.054235,0.11693,0.060191,0.056743,0.11554,0.060054,0.055489,"All",2027
65.99,2028,0.10925,0.040769,0.068483,0.11516,0.041601,0.073557,0.1122,0.041185,0.07102,"All",2027
65.99,2029,0.1042,0.027769,0.076432,0.11313,0.028989,0.084143,0.10867,0.028379,0.080288,"All",2027
65.99,2030,0.099088,0.018597,0.080492,0.11082,0.019555,0.091264,0.10495,0.019076,0.085878,"All",2027
65.99,2031,0.093853,0.012344,0.081509,0.10802,0.013081,0.094936,0.10093,0.012713,0.088222,"All",2027
65.99,2032,0.088871,0.0080051,0.080866,0.10501,0.0086683,0.096341,0.09694,0.0083367,0.088604,"All",2027
65.99,2033,0.084277,0.0051946,0.079082,0.10182,0.0056623,0.096161,0.09305,0.0054284,0.087622,"All",2027
65.99,2034,0.080042,0.0033071,0.076735,0.098528,0.0036317,0.094897,0.089285,0.0034694,0.085816,"All",2027
65.99,2035,0.075936,0.0020832,0.073853,0.095114,0.0024382,0.092676,0.085525,0.0022607,0.083265,"All",2027
65.99,2036,0.0722,0.0013257,0.070875,0.091684,0.0016116,0.090073,0.081942,0.0014686,0.080474,"All",2027
65.99,2037,0.069084,0.00090346,0.06818,0.088187,0.0010434,0.087143,0.078635,0.00097346,0.077662,"All",2027
65.99,2038,0.066429,0.00062619,0.065803,0.084698,0.00069254,0.084005,0.075564,0.00065936,0.074904,"All",2027
65.99,2039,0.063977,0.00043551,0.063542,0.081227,0.00041207,0.080815,0.072602,0.00042379,0.072178,"All",2027
65.99,2040,0.061982,0.00030508,0.061677,0.078013,0.00026718,0.077746,0.069998,0.00028613,0.069711,"All",2027
65.99,2041,0.060222,0.00022045,0.060002,0.074883,0.00018021,0.074703,0.067553,0.00020033,0.067352,"All",2027
65.99,2042,0.05884,0.00013768,0.058703,0.071974,0.00011035,0.071864,0.065407,0.00012402,0.065283,"All",2027
65.99,2043,0.057835,0.00010438,0.05773,0.069068,7.5407e-05,0.068992,0.063451,8.9895e-05,0.063361,"All",2027
65.99,2044,0.057033,7.5013e-05,0.056958,0.066325,4.6358e-05,0.066279,0.061679,6.0685e-05,0.061618,"All",2027
65.99,2045,0.056474,6.4864e-05,0.056409,0.063562,3.831e-05,0.063524,0.060018,5.1587e-05,0.059967,"All",2027
65.99,2046,0.05612,5.484e-05,0.056065,0.060989,3.0443e-05,0.060959,0.058555,4.2642e-05,0.058512,"All",2027
65.99,2047,0.05564,4.5133e-05,0.055595,0.058319,2.2706e-05,0.058296,0.05698,3.3919e-05,0.056946,"All",2027
65.99,2048,0.055032,3.5722e-05,0.054996,0.055744,1.5039e-05,0.055729,0.055388,2.5381e-05,0.055363,"All",2027
65.99,2049,0.054194,2.6538e-05,0.054167,0.053145,7.4768e-06,0.053138,0.053669,1.7007e-05,0.053652,"All",2027
65.99,2050,0.053261,2.0442e-05,0.053241,0.050624,0,0.050624,0.051943,1.0221e-05,0.051932,"All",2027
65.99,2051,0.052302,2.0215e-05,0.052282,0.048073,0,0.048073,0.050188,1.0107e-05,0.050178,"All",2027
65.99,2052,0.051226,1.7153e-05,0.051209,0.045546,0,0.045546,0.048386,8.5763e-06,0.048377,"All",2027
65.99,2053,0.049992,1.4155e-05,0.049978,0.043193,0,0.043193,0.046592,7.0777e-06,0.046585,"All",2027
65.99,2054,0.04876,1.12e-05,0.048749,0.040917,0,0.040917,0.044838,5.6e-06,0.044833,"All",2027
65.99,2055,0.047426,8.3144e-06,0.047418,0.038753,0,0.038753,0.04309,4.1572e-06,0.043085,"All",2027
65.99,2056,0.046089,5.4873e-06,0.046084,0.036636,0,0.036636,0.041363,2.7436e-06,0.04136,"All",2027
65.99,2057,0.044205,2.7174e-06,0.044202,0.034586,0,0.034586,0.039396,1.3587e-06,0.039394,"All",2027
65.99,2058,0.042297,0,0.042297,0.03261,0,0.03261,0.037453,0,0.037453,"All",2027
65.99,2059,0.040225,0,0.040225,0.030676,0,0.030676,0.03545,0,0.03545,"All",2027
65.99,2060,0.038176,0,0.038176,0.028823,0,0.028823,0.0335,0,0.0335,"All",2027
65.99,2061,0.036197,0,0.036197,0.027173,0,0.027173,0.031685,0,0.031685,"All",2027
65.99,2062,0.034121,0,0.034121,0.025643,0,0.025643,0.029882,0,0.029882,"All",2027
65.99,2063,0.032242,0,0.032242,0.024171,0,0.024171,0.028207,0,0.028207,"All",2027
65.99,2064,0.030356,0,0.030356,0.022776,0,0.022776,0.026566,0,0.026566,"All",2027
65.99,2065,0.028554,0,0.028554,0.021463,0,0.021463,0.025008,0,0.025008,"All",2027
65.99,2066,0.02671,0,0.02671,0.020141,0,0.020141,0.023425,0,0.023425,"All",2027
65.99,2067,0.025002,0,0.025002,0.018692,0,0.018692,0.021847,0,0.021847,"All",2027
65.99,2068,0.023525,0,0.023525,0.017357,0,0.017357,0.020441,0,0.020441,"All",2027
65.99,2069,0.022079,0,0.022079,0.01617,0,0.01617,0.019124,0,0.019124,"All",2027
65.99,2070,0.020742,0,0.020742,0.015073,0,0.015073,0.017907,0,0.017907,"All",2027
65.99,2071,0.019484,0,0.019484,0.014146,0,0.014146,0.016815,0,0.016815,"All",2027
65.99,2072,0.018345,0,0.018345,0.013266,0,0.013266,0.015806,0,0.015806,"All",2027
65.99,2073,0.017299,0,0.017299,0.012458,0,0.012458,0.014879,0,0.014879,"All",2027
65.99,2074,0.016291,0,0.016291,0.011739,0,0.011739,0.014015,0,0.014015,"All",2027
65.99,2075,0.015418,0,0.015418,0.011099,0,0.011099,0.013259,0,0.013259,"All",2027
65.99,2076,0.014695,0,0.014695,0.010517,0,0.010517,0.012606,0,0.012606,"All",2027
65.99,2077,0.014113,0,0.014113,0.0099588,0,0.0099588,0.012036,0,0.012036,"All",2027
65.99,2078,0.013648,0,0.013648,0.0095054,0,0.0095054,0.011577,0,0.011577,"All",2027
65.99,2079,0.013312,0,0.013312,0.0091141,0,0.0091141,0.011213,0,0.011213,"All",2027
65.99,2080,0.013008,0,0.013008,0.0087473,0,0.0087473,0.010878,0,0.010878,"All",2027
65.99,2081,0.012733,0,0.012733,0.008457,0,0.008457,0.010595,0,0.010595,"All",2027
65.99,2082,0.012492,0,0.012492,0.008166,0,0.008166,0.010329,0,0.010329,"All",2027
65.99,2083,0.012316,0,0.012316,0.0079158,0,0.0079158,0.010116,0,0.010116,"All",2027
65.99,2084,0.012185,0,0.012185,0.0077068,0,0.0077068,0.0099461,0,0.0099461,"All",2027
65.99,2085,0.012063,0,0.012063,0.0075383,0,0.0075383,0.0098006,0,0.0098006,"All",2027
65.99,2086,0.011942,0,0.011942,0.0074238,0,0.0074238,0.0096828,0,0.0096828,"All",2027
65.99,2087,0.01187,0,0.01187,0.0072819,0,0.0072819,0.009576,0,0.009576,"All",2027
65.99,2088,0.011844,0,0.011844,0.0071926,0,0.0071926,0.0095182,0,0.0095182,"All",2027
65.99,2089,0.011831,0,0.011831,0.0071097,0,0.0071097,0.0094705,0,0.0094705,"All",2027
65.99,2090,0.011803,0,0.011803,0.0070697,0,0.0070697,0.0094364,0,0.0094364,"All",2027
65.99,2091,0.011787,0,0.011787,0.007051,0,0.007051,0.009419,0,0.009419,"All",2027
65.99,2092,0.011802,0,0.011802,0.0070239,0,0.0070239,0.0094127,0,0.0094127,"All",2027
65.99,2093,0.011821,0,0.011821,0.0070246,0,0.0070246,0.009423,0,0.009423,"All",2027
65.99,2094,0.011823,0,0.011823,0.007025,0,0.007025,0.0094238,0,0.0094238,"All",2027
65.99,2095,0.011839,0,0.011839,0.0069942,0,0.0069942,0.0094167,0,0.0094167,"All",2027
65.99,2096,0.011838,0,0.011838,0.0069775,0,0.0069775,0.0094078,0,0.0094078,"All",2027
65.99,2097,0.011844,0,0.011844,0.0069849,0,0.0069849,0.0094145,0,0.0094145,"All",2027
65.99,2098,0.011832,0,0.011832,0.007005,0,0.007005,0.0094187,0,0.0094187,"All",2027
65.99,2099,0.011826,0,0.011826,0.0070329,0,0.0070329,0.0094296,0,0.0094296,"All",2027
65.99,2100,0.011807,0,0.011807,0.0070449,0,0.0070449,0.0094261,0,0.0094261,"All",2027
